DRUGS_ID,DRUGS_NAME,INN_ID,INN_NAME,NFC1_ID,EVENTS_COUNT,SHARE_INTERNAL,SHARE_LOST,SHARE_SAME_NFC1,SHARE_DIFF_NFC1,INTERNAL_LIFT,LOST_SALES,TOTAL_EFFECT,AVG_STOCKOUT_WEEKS,CLASSIFICATION
4043,"ТРОКСЕВАЗИН, Teva (Израиль), гель 2 % туба 40 г",2733,ТРОКСЕРУТИН,"Местно действующие, дерматологические, антигеморроидальные, наружные",15,0.34229033333333336,0.6577096666666667,1.0,0.0,24.8554,69.6239,94.4793,5.133333333333334,CRITICAL
4954,"ИБУПРОФЕН, Борщаговский ХФЗ ПАО (Украина, Киев), табл. п/плен. оболочкой 200 мг, #50",3138,ИБУПРОФЕН,Пероральные твердые обычные,12,0.8535670833333334,0.14643291666666666,0.8135128181818182,0.18648718181818183,26.9554,3.2523,30.2077,1.4166666666666667,SUBSTITUTABLE
5050,"НАКЛОФЕН, KRKA d.d. Novo Mesto  (Словения), р-р д/ин. 75 мг амп. 3 мл, #5",3170,ДИКЛОФЕНАК,Парентеральные обычные,8,0.421591125,0.578408875,1.0,0.0,29.833199999999998,25.9345,55.767799999999994,6.875,CRITICAL
5216,"ГЕПАТРОМБИН, Stada  (Германия), крем 30000 МЕ/100 г туба 40 г, #1",3225,ГЕПАРИН НАТРИЙ,"Местно действующие, дерматологические, антигеморроидальные, наружные",5,0.697699,0.30230100000000004,1.0,0.0,22.9438,9.49,32.4338,9.2,SUBSTITUTABLE
6389,"ГЕПАТРОМБИН, Stada  (Германия), гель 30000 МЕ/100 г туба 40 г, #1",3225,ГЕПАРИН НАТРИЙ,"Местно действующие, дерматологические, антигеморроидальные, наружные",1,0.490988,0.509012,1.0,0.0,0.7709,0.7992,1.5701,1.0,CRITICAL
6572,"ДОЛГИТ® КРЕМ, Naturwaren (Германия), крем туба 50 г, #1",3138,ИБУПРОФЕН,"Местно действующие, дерматологические, антигеморроидальные, наружные",1,0.127284,0.872716,1.0,0.0,5.23,35.8592,41.0892,30.0,CRITICAL
6573,"ДОЛГИТ® КРЕМ, Naturwaren (Германия), крем туба 100 г, #1",3138,ИБУПРОФЕН,"Местно действующие, дерматологические, антигеморроидальные, наружные",1,0.215097,0.784903,1.0,0.0,1.7,6.2034,7.9034,8.0,CRITICAL
7583,"ЗОВИРАКС, Халеон Украина ООО (Украина, Киев), крем 5 % туба 2 г, #1",3297,АЦИКЛОВИР,"Местно действующие, дерматологические, антигеморроидальные, наружные",10,0.6045548000000001,0.3954452,1.0,0.0,25.6753,56.1672,81.8425,8.5,SUBSTITUTABLE
8249,"ОЛФЕН®-50 ЛАКТАБ, Teva (Израиль), табл. кишечно-раств. 50 мг, #20",3170,ДИКЛОФЕНАК,Пероральные твердые обычные,1,0.85842,0.14158,0.880485,0.119515,4.1836,0.69,4.8736,4.0,SUBSTITUTABLE
8609,"ЛИОТОН® 1000 ГЕЛЬ, Berlin-Chemie  (Германия), гель туба 50 г, #1",3225,ГЕПАРИН НАТРИЙ,"Местно действующие, дерматологические, антигеморроидальные, наружные",7,0.4871422857142857,0.5128577142857143,1.0,0.0,23.6036,171.294,194.8975,10.142857142857142,CRITICAL
10918,"НАКЛОФЕН ДУО, KRKA d.d. Novo Mesto  (Словения), капс. 75 мг блистер, #20",3170,ДИКЛОФЕНАК,Пероральные твердые обычные,6,0.48040666666666665,0.5195933333333334,0.41873839999999996,0.5812616,36.5118,25.9779,62.4898,9.166666666666666,CRITICAL
17794,"БЕРОДУАЛ®, Boehringer Ingelheim  (Германия), р-р д/инг. фл. с капельницей 20 мл, #1",106853,ИПРАТРОПИЯ БРОМИД+ФЕНОТЕРОЛ,Для введения в легкие,9,0.49760655555555555,0.5023934444444444,1.0,0.0,19.123,32.4597,51.5826,11.777777777777779,CRITICAL
25464,"ДИКЛОФЕНАК, Красная звезда ОАО (Украина, Харьков), табл. 0,05 г блистер, в пачке, #30",3170,ДИКЛОФЕНАК,Пероральные твердые обычные,10,0.3668625,0.6331375,0.7208198571428571,0.2791801428571428,48.9176,53.832100000000004,102.7497,5.5,CRITICAL
28888,"КЛАРИТИН®, Bayer Consumer Health  (Швейцария), табл. 10 мг, #10",3030,ЛОРАТАДИН,Пероральные твердые обычные,4,0.3806575,0.6193425,0.5,0.5,49.6481,99.6168,149.2649,25.75,CRITICAL
29400,"ДИКЛОБЕРЛ® 100, Berlin-Chemie  (Германия), супп. 100 мг, #10",3170,ДИКЛОФЕНАК,Ректальные системные,5,0.09915959999999999,0.9008404000000001,1.0,0.0,8.969999999999999,93.6479,102.6179,10.4,CRITICAL
29401,"ДИКЛОБЕРЛ® 50, Berlin-Chemie  (Германия), супп. 50 мг блистер, #10",3170,ДИКЛОФЕНАК,Ректальные системные,8,0.390101,0.609899,1.0,0.0,15.809999999999999,115.51089999999999,131.3209,12.25,CRITICAL
29404,"ДИКЛОБЕРЛ® РЕТАРД, Berlin-Chemie  (Германия), капс. тверд. пролонг. дейст. 100 мг, #20",3170,ДИКЛОФЕНАК,Пероральные твердые длительно действующие,16,0.5858990625,0.4141009375,0.201545,0.798455,97.828,85.8413,183.6694,6.5,CRITICAL
30976,"ДОЛГИТ® КРЕМ, Naturwaren (Германия), крем туба 20 г, #1",3138,ИБУПРОФЕН,"Местно действующие, дерматологические, антигеморроидальные, наружные",3,0.373083,0.6269170000000001,1.0,0.0,8.73,10.7278,19.4578,12.666666666666666,CRITICAL
31881,"ДИКЛОФЕНАК-ДАРНИЦА, Дарница ЧАО (Украина, Киев), р-р д/ин. 25 мг/мл амп. 3 мл, контурн. ячейк. уп., пачка, #10",3170,ДИКЛОФЕНАК,Парентеральные обычные,14,0.4368687857142857,0.5631312142857142,1.0,0.0,29.959,34.2341,64.1932,4.071428571428571,CRITICAL
32493,"ЛИОТОН® 1000 ГЕЛЬ, Berlin-Chemie  (Германия), гель туба 30 г, #1",3225,ГЕПАРИН НАТРИЙ,"Местно действующие, дерматологические, антигеморроидальные, наружные",6,0.40350233333333335,0.5964976666666667,1.0,0.0,24.5717,66.6254,91.19709999999999,13.666666666666666,CRITICAL
33583,"КЛАРИТИН®, Bayer Consumer Health  (Швейцария), сироп фл. 60 мл, #1",3030,ЛОРАТАДИН,Пероральные жидкие обычные,2,0.7496315,0.2503685,0.0,1.0,16.867800000000003,5.470000000000001,22.3378,9.0,SUBSTITUTABLE
33729,"ТОБРЕКС®, Novartis Pharma (Швейцария), кап. глаз. 0,3 % фл.-капельн. 5 мл, #1",2757,ТОБРАМИЦИН,Офтальмологические,17,0.0,1.0,,,0.0,43.9232,43.9232,5.294117647058823,CRITICAL
33762,"ГЕПАТРОМБИН, Stada  (Германия), гель 50000 МЕ/100 г туба 40 г, #1",3225,ГЕПАРИН НАТРИЙ,"Местно действующие, дерматологические, антигеморроидальные, наружные",1,1.0,0.0,1.0,0.0,12.61,0.0,12.61,46.0,SUBSTITUTABLE
36225,"ТРОКСЕРУТИН-ДАРНИЦА, Дарница ЧАО (Украина, Киев), гель 20 мг/г туба 30 г, #1",2733,ТРОКСЕРУТИН,"Местно действующие, дерматологические, антигеморроидальные, наружные",7,0.6703108571428571,0.32968914285714285,1.0,0.0,30.787,20.5979,51.3849,13.714285714285714,SUBSTITUTABLE
36994,"ГЕПАРИН-ДАРНИЦА, Дарница ЧАО (Украина, Киев), гель 600 ЕД/г туба 30 г",3225,ГЕПАРИН НАТРИЙ,"Местно действующие, дерматологические, антигеморроидальные, наружные",14,0.5288112142857143,0.47118878571428574,1.0,0.0,32.4246,50.7466,83.1711,7.857142857142857,CRITICAL
38166,"БЕРОДУАЛ® Н, Boehringer Ingelheim  (Германия), аэр. дозир. баллончик метал. 10 мл, 200 доз",106853,ИПРАТРОПИЯ БРОМИД+ФЕНОТЕРОЛ,Для введения в легкие,14,0.229233,0.7707670000000001,1.0,0.0,9.2819,93.3968,102.67869999999999,7.571428571428571,CRITICAL
38325,"ЛОРАТАДИН, Фармак АО (Украина, Киев), табл. 0,01 г блистер, #20",3030,ЛОРАТАДИН,Пероральные твердые обычные,4,0.06722475,0.93277525,1.0,0.0,0.9368,17.358999999999998,18.2958,1.0,CRITICAL
41398,"ДРОТАВЕРИН, Корпорация Артериум  (Украина, Киев), табл. 40 мг блистер, #30",3147,ДРОТАВЕРИН,Пероральные твердые обычные,19,0.2844994736842105,0.7155005263157894,1.0,0.0,23.0868,95.3907,118.47749999999999,1.1578947368421053,CRITICAL
45751,"ЛОРАТАДИН, Корпорация Артериум  (Украина, Киев), табл. 10 мг блистер, #10",3030,ЛОРАТАДИН,Пероральные твердые обычные,19,0.3386944736842105,0.6613055263157894,0.6527608,0.3472392,22.9178,126.6599,149.5777,2.6842105263157894,CRITICAL
46354,"ВЕНОРУТИНОЛ, Борщаговский ХФЗ ПАО (Украина, Киев), гель 2 % туба 40 г, #1",2733,ТРОКСЕРУТИН,"Местно действующие, дерматологические, антигеморроидальные, наружные",5,0.7023138,0.2976862,1.0,0.0,36.458000000000006,11.25,47.708,19.0,SUBSTITUTABLE
47005,"ДРОТАВЕРИН-ДАРНИЦА, Дарница ЧАО (Украина, Киев), табл. 40 мг контурн. ячейк. уп., #20",3147,ДРОТАВЕРИН,Пероральные твердые обычные,21,0.4775283809523809,0.5224716190476191,1.0,0.0,71.91799999999999,60.7644,132.6824,2.4761904761904763,CRITICAL
50178,"ДИКЛОФЕНАК-ДАРНИЦА, Дарница ЧАО (Украина, Киев), табл. п/о кишечно-раств. 25 мг контурн. ячейк. уп., #30",3170,ДИКЛОФЕНАК,Пероральные твердые обычные,19,0.5375476315789474,0.46245236842105264,0.7872576875,0.2127423125,59.4873,81.147,140.6342,4.157894736842105,CRITICAL
51182,"ГЛУТАРГИН, Здоровье Группа компаний ООО (Украина, Харьков), конц. д/р-ра д/инф. 400 мг/мл амп. 5 мл, в блист. в коробках, #10",350,АРГИНИН,Парентеральные обычные,3,0.3947506666666667,0.6052493333333334,1.0,0.0,8.5928,8.1159,16.7087,7.666666666666667,CRITICAL
52412,"ГЛУТАРГИН, Здоровье Группа компаний ООО (Украина, Харьков), табл. 0,25 г блистер, #30",350,АРГИНИН,Пероральные твердые обычные,3,0.7384636666666666,0.2615363333333333,0.523605,0.47639499999999996,15.548300000000001,8.783100000000001,24.3315,13.0,SUBSTITUTABLE
62203,"АЦИКЛОВИР-ДАРНИЦА, Дарница ЧАО (Украина, Киев), табл. 200 мг контурн. ячейк. уп., в пачке, #20",3297,АЦИКЛОВИР,Пероральные твердые обычные,12,0.49554666666666664,0.5044533333333333,1.0,0.0,31.6682,98.7187,130.3869,7.666666666666667,CRITICAL
62632,"ОРТОФЕН, Sopharma (Болгария), табл. п/о кишечно-раств. 0,025 г блистер, #30",3170,ДИКЛОФЕНАК,Пероральные твердые обычные,8,0.723269625,0.276730375,0.67406975,0.32593025,113.9139,271.385,385.29900000000004,15.375,SUBSTITUTABLE
63512,"ИБУПРОМ МАКС, Дельта Медикел ООО (Украина, Вишневое), табл. п/о 400 мг блистер, #24",3138,ИБУПРОФЕН,Пероральные твердые обычные,1,1.0,0.0,0.737223,0.262777,73.4844,0.0,73.4844,59.0,SUBSTITUTABLE
69125,"ЛОРАТАДИН-ДАРНИЦА, Дарница ЧАО (Украина, Киев), табл. 10 мг контурн. ячейк. уп., #10",3030,ЛОРАТАДИН,Пероральные твердые обычные,15,0.4726769333333333,0.5273230666666666,0.7616985833333333,0.23830141666666668,31.2,85.9969,117.1968,4.266666666666667,CRITICAL
69784,"ИБУПРОФЕН-ДАРНИЦА, Дарница ЧАО (Украина, Киев), табл. 200 мг контурн. ячейк. уп., #50",3138,ИБУПРОФЕН,Пероральные твердые обычные,24,0.7649259583333333,0.23507404166666668,0.8812180000000001,0.118782,99.5376,61.3545,160.8923,2.0833333333333335,SUBSTITUTABLE
70279,"ДИКЛОБЕРЛ® N 75, Berlin-Chemie  (Германия), р-р д/ин. 75 мг амп. 3 мл, #5",3170,ДИКЛОФЕНАК,Парентеральные обычные,20,0.24252105,0.75747895,1.0,0.0,21.1272,152.1612,173.2886,3.0,CRITICAL
73433,"ГЕРПЕВИР®, Корпорация Артериум  (Украина, Киев), табл. 400 мг блистер, #10",3297,АЦИКЛОВИР,Пероральные твердые обычные,13,0.35464623076923074,0.6453537692307693,1.0,0.0,21.921599999999998,90.7876,112.7092,8.692307692307692,CRITICAL
73434,"ГЕРПЕВИР®, Корпорация Артериум  (Украина, Киев), табл. 200 мг блистер, #20",3297,АЦИКЛОВИР,Пероральные твердые обычные,14,0.5805976428571429,0.4194023571428572,1.0,0.0,39.6189,43.5909,83.2098,8.214285714285714,CRITICAL
74436,"ГЕРПЕВИР®, Корпорация Артериум  (Украина, Киев), мазь 25 мг/г туба 5 г",3297,АЦИКЛОВИР,"Местно действующие, дерматологические, антигеморроидальные, наружные",18,0.37013405555555556,0.6298659444444444,1.0,0.0,21.093600000000002,81.6412,102.7348,5.888888888888889,CRITICAL
75148,"ОЛФЕН®-100 СР ДЕПОКАПС, Teva (Израиль), капс. пролонг. дейст. 100 мг, #20",3170,ДИКЛОФЕНАК,Пероральные твердые длительно действующие,9,0.6427406666666666,0.3572593333333333,0.08614666666666666,0.9138533333333333,76.12559999999999,34.0488,110.17439999999999,10.0,SUBSTITUTABLE
78935,"ЛЕРКАМЕН® 20, Berlin-Chemie  (Германия), табл. п/плен. оболочкой 20 мг блистер, #28",60436,ЛЕРКАНИДИПИН,Пероральные твердые обычные,2,0.6496945000000001,0.3503055,1.0,0.0,2.0,1.1308,3.1308,2.5,SUBSTITUTABLE
82447,"ИМЕТ®, Berlin-Chemie  (Германия), табл. п/плен. оболочкой 400 мг, #10",3138,ИБУПРОФЕН,Пероральные твердые обычные,8,0.762962375,0.237037625,0.8122815,0.1877185,167.9043,82.2223,250.1268,12.0,SUBSTITUTABLE
82448,"ИМЕТ®, Berlin-Chemie  (Германия), табл. п/плен. оболочкой 400 мг, #20",3138,ИБУПРОФЕН,Пероральные твердые обычные,10,0.863175,0.136825,0.707459,0.292541,184.469,47.194599999999994,231.6634,11.1,SUBSTITUTABLE
84844,"ДИКЛОФЕНАК-ЗДОРОВЬЕ ФОРТЕ, Здоровье Группа компаний ООО (Украина, Харьков), гель 30 мг/г туба 50 г, #1",3170,ДИКЛОФЕНАК,"Местно действующие, дерматологические, антигеморроидальные, наружные",4,0.27073775,0.72926225,1.0,0.0,4.9,9.82,14.719999999999999,8.0,CRITICAL
85398,"ДИКЛОФЕНАК, Красная звезда ОАО (Украина, Харьков), гель 10 мг/г туба 40 г, в пачке, #1",3170,ДИКЛОФЕНАК,"Местно действующие, дерматологические, антигеморроидальные, наружные",1,0.613323,0.386677,1.0,0.0,5.155,3.25,8.405,10.0,SUBSTITUTABLE
89669,"МУКОГЕН, Macleods Pharmaceuticals Ltd (Индия), табл. п/о 100 мг стрип, #30",95259,РЕБАМИПИД,Пероральные твердые обычные,7,0.0,1.0,,,0.0,41.097699999999996,41.097699999999996,7.0,CRITICAL
94658,"НУРОФЕН ФОРТЕ, Reckitt Benckiser Healthcare International  (Великобритания), табл. п/о 400 мг, #12",3138,ИБУПРОФЕН,Пероральные твердые обычные,18,0.5698913888888888,0.4301086111111111,0.8513572777777778,0.14864272222222222,235.0546,354.9713,590.0257,6.388888888888889,CRITICAL
99351,"НУРОФЕН, Reckitt Benckiser Healthcare International  (Великобритания), табл. п/о 200 мг блистер, #6",3138,ИБУПРОФЕН,Пероральные твердые обычные,9,0.7861815555555556,0.21381844444444445,0.7981061111111111,0.2018938888888889,131.3502,24.1571,155.5073,7.666666666666667,SUBSTITUTABLE
99352,"НУРОФЕН, Reckitt Benckiser Healthcare International  (Великобритания), табл. п/о 200 мг блистер, #12",3138,ИБУПРОФЕН,Пероральные твердые обычные,17,0.7041564705882353,0.2958435294117647,0.7666993529411765,0.23330064705882353,180.7445,139.3865,320.131,5.529411764705882,SUBSTITUTABLE
99353,"НУРОФЕН, Reckitt Benckiser Healthcare International  (Великобритания), табл. п/о 200 мг блистер, #24",3138,ИБУПРОФЕН,Пероральные твердые обычные,7,0.7869354285714286,0.21306457142857144,0.8495,0.15050000000000002,215.0595,105.7945,320.854,16.428571428571427,SUBSTITUTABLE
102770,"НО-ШПА®, Opella Healthcare International  (Франция), табл. 40 мг фл., #100",3147,ДРОТАВЕРИН,Пероральные твердые обычные,8,0.79393175,0.20606825,1.0,0.0,101.8102,46.6947,148.5048,9.875,SUBSTITUTABLE
103309,"ДИКЛОФЕНАК, Лекхим ЧАО (Украина, Киев), супп. ректал. 0,1 г, #10",3170,ДИКЛОФЕНАК,Ректальные системные,4,0.76195475,0.23804525,1.0,0.0,8.32,39.8248,48.144800000000004,28.0,SUBSTITUTABLE
108638,"ЭДЕМ, Фармак АО (Украина, Киев), сироп 0,5 мг/мл фл.стекл. с крыш.укуп.-навинч. 60 мл, с дозир. ложкой, #1",40218,ДЕЗЛОРАТАДИН,Пероральные жидкие обычные,11,0.4194693636363636,0.5805306363636364,0.049443125,0.950556875,31.555699999999998,59.2345,90.7902,11.090909090909092,CRITICAL
109181,"НУРОФЕН ДЛЯ ДЕТЕЙ, Reckitt Benckiser Healthcare International  (Великобритания), сусп. оральн. 100 мг/5 мл фл. 100 мл, с апельсиновым вкусом",3138,ИБУПРОФЕН,Пероральные жидкие обычные,6,0.7394035,0.2605965,0.08839516666666665,0.9116048333333332,189.3299,55.6865,245.0164,17.333333333333332,SUBSTITUTABLE
109182,"НУРОФЕН ДЛЯ ДЕТЕЙ, Reckitt Benckiser Healthcare International  (Великобритания), сусп. оральн. 100 мг/5 мл фл. 100 мл, с клубничным вкусом",3138,ИБУПРОФЕН,Пероральные жидкие обычные,4,0.94161675,0.05838325,0.09812375,0.9018762499999999,174.88400000000001,38.5569,213.4409,17.5,SUBSTITUTABLE
110626,"ЭДЕМ, Фармак АО (Украина, Киев), табл. п/о 5 мг блистер, #10",40218,ДЕЗЛОРАТАДИН,Пероральные твердые обычные,9,0.4645823333333333,0.5354176666666667,0.5547427142857143,0.44525728571428574,19.52,65.3275,84.84750000000001,8.0,CRITICAL
110814,"НО-ШПА®, Opella Healthcare International  (Франция), табл. 40 мг контейнер дозирующ., #60",3147,ДРОТАВЕРИН,Пероральные твердые обычные,16,0.586889125,0.413110875,1.0,0.0,129.548,144.9692,274.51750000000004,5.9375,CRITICAL
111288,"ТИВОРТИН®, Юрия-Фарм ООО (Украина, Киев), р-р д/инф. 42 мг/мл бутылка стекл. 100 мл, в пачке, #1",350,АРГИНИН,Парентеральные обычные,17,0.15441270588235295,0.845587294117647,1.0,0.0,13.2699,407.7324,421.0024,6.0,CRITICAL
112612,"ДИКЛОФЕНАК-ЗДОРОВЬЕ УЛЬТРА, Здоровье Группа компаний ООО (Украина, Харьков), гель 50 мг/г туба 50 г, #1",3170,ДИКЛОФЕНАК,"Местно действующие, дерматологические, антигеморроидальные, наружные",3,0.6229300000000001,0.37707,1.0,0.0,6.1746,4.4799999999999995,10.6546,5.0,SUBSTITUTABLE
114335,"ГЛУТАРГИН, Здоровье Группа компаний ООО (Украина, Харьков), табл. 0,75 г блистер, #30",350,АРГИНИН,Пероральные твердые обычные,19,0.3032117894736842,0.6967882105263158,0.34794925000000004,0.65205075,27.9583,178.683,206.6412,4.421052631578948,CRITICAL
114638,"ДИКЛАК® ГЕЛЬ, Sandoz (Швейцария), гель 5 % туба 50 г, #1",3170,ДИКЛОФЕНАК,"Местно действующие, дерматологические, антигеморроидальные, наружные",5,0.7219748,0.2780252,1.0,0.0,66.6755,22.6504,89.3261,21.0,SUBSTITUTABLE
122431,"НУРОФЕН ЭКСПРЕСС УЛЬТРАКАП, Reckitt Benckiser Healthcare International  (Великобритания), капс. мягкие 200 мг, #10",3138,ИБУПРОФЕН,Пероральные твердые обычные,16,0.649288375,0.35071162499999997,0.7936244666666668,0.20637553333333333,141.9412,81.5275,223.4691,5.9375,SUBSTITUTABLE
126295,"ПЕНТАСА, Ferring International Center  (Швейцария), гран. пролонг. действ. 2 г пакетик, #60",3016,МЕСАЛАЗИН,Пероральные твердые длительно действующие,3,0.0,1.0,,,0.0,1.91,1.91,7.333333333333333,CRITICAL
134046,"ГЛУТАРГИН АЛКОКЛИН, Здоровье Группа компаний ООО (Украина, Харьков), пор. д/оральн. р-ра 1 г/3 г пакет 3 г, #2",350,АРГИНИН,Пероральные жидкие обычные,7,0.36427371428571426,0.6357262857142858,0.0,1.0,20.4422,16.7306,37.1728,12.0,CRITICAL
134048,"ГЛУТАРГИН АЛКОКЛИН, Здоровье Группа компаний ООО (Украина, Харьков), пор. д/оральн. р-ра 1 г/3 г пакет 3 г, #10",350,АРГИНИН,Пероральные жидкие обычные,1,1.0,0.0,0.0,1.0,4.66,0.0,4.66,4.0,SUBSTITUTABLE
134052,"ГЛУТАРГИН АЛКОКЛИН, Здоровье Группа компаний ООО (Украина, Харьков), табл. 1 г блистер, #2",350,АРГИНИН,Пероральные твердые обычные,4,0.5939775,0.4060225,0.58720925,0.41279075,25.1357,21.0446,46.1803,19.5,CRITICAL
134646,"БОФЕН, Борщаговский ХФЗ ПАО (Украина, Киев), сусп. оральн. 100 мг/5 мл банка полимер. 100 мл",3138,ИБУПРОФЕН,Пероральные жидкие обычные,5,0.8599513999999999,0.1400486,0.1132024,0.8867976000000001,179.0659,25.560000000000002,204.6259,20.4,SUBSTITUTABLE
135600,"АЦИК®, Sandoz (Швейцария), крем 5 % туба 2 г, #1",3297,АЦИКЛОВИР,"Местно действующие, дерматологические, антигеморроидальные, наружные",10,0.4410578,0.5589422,1.0,0.0,30.3388,43.1439,73.48270000000001,9.4,CRITICAL
136698,"ОРТОФЕН-ЗДОРОВЬЕ ФОРТЕ, Здоровье Группа компаний ООО (Украина, Харьков), табл. п/о кишечно-раств. 50 мг блистер, #30",3170,ДИКЛОФЕНАК,Пероральные твердые обычные,19,0.5740462631578948,0.42595373684210525,0.5467093157894737,0.45329068421052626,81.9969,147.6638,229.6605,4.2105263157894735,CRITICAL
144824,"ТРОКСЕВАЗИН®, Teva (Израиль), капс. 300 мг блистер, #50",2733,ТРОКСЕРУТИН,Пероральные твердые обычные,5,0.0641864,0.9358136,1.0,0.0,3.11,22.9979,26.1079,15.8,CRITICAL
149164,"ЛЕРКАМЕН® 10, Berlin-Chemie  (Германия), табл. п/плен. оболочкой 10 мг, #60",60436,ЛЕРКАНИДИПИН,Пероральные твердые обычные,19,0.33674252631578944,0.6632574736842105,1.0,0.0,20.639200000000002,34.9576,55.5968,4.631578947368421,CRITICAL
149166,"ЛИРИКА, Viatris  (США), капс. 75 мг блистер, #14",80617,ПРЕГАБАЛИН,Пероральные твердые обычные,6,0.8012864999999999,0.1987135,1.0,0.0,168.62290000000002,25.926000000000002,194.5487,16.166666666666668,SUBSTITUTABLE
149167,"ЛИРИКА, Viatris  (США), капс. 150 мг блистер, #14",80617,ПРЕГАБАЛИН,Пероральные твердые обычные,4,0.68264725,0.31735275,1.0,0.0,111.79929999999999,47.5929,159.3922,13.5,SUBSTITUTABLE
156589,"ЛЕРКАМЕН® 20, Berlin-Chemie  (Германия), табл. п/плен. оболочкой 20 мг блистер, #60",60436,ЛЕРКАНИДИПИН,Пероральные твердые обычные,18,0.24447622222222223,0.7555237777777778,1.0,0.0,26.927799999999998,69.0749,96.0027,6.0,CRITICAL
156975,"ДИКЛАК® ГЕЛЬ, Sandoz (Швейцария), гель 5 % туба 100 г, #1",3170,ДИКЛОФЕНАК,"Местно действующие, дерматологические, антигеморроидальные, наружные",4,0.45449475,0.5455052499999999,1.0,0.0,23.8845,46.6983,70.5828,19.0,CRITICAL
166220,"ИБУФЕН® ЮНИОР, Polpharma (Польша), капс. мягкие 200 мг блистер, #10",3138,ИБУПРОФЕН,Пероральные твердые обычные,1,0.618413,0.381587,0.737166,0.262834,19.48,12.02,31.5,16.0,SUBSTITUTABLE
174103,"ЭКЗОДЕРИЛ®, Sandoz (Швейцария), крем 1 % туба 15 г, #1",2963,НАФТИФИН,"Местно действующие, дерматологические, антигеморроидальные, наружные",2,0.5437065,0.4562935,1.0,0.0,7.73,20.88,28.61,26.0,CRITICAL
175990,"НИКСАР, Berlin-Chemie  (Германия), табл. 20 мг блистер, #30",298137,БИЛАСТИН,Пероральные твердые обычные,10,0.0,1.0,,,0.0,16.4431,16.4431,4.7,CRITICAL
190510,"ИБУПРОМ СПРИНТ МАКС, Дельта Медикел ООО (Украина, Вишневое), капс. мягкие 400 мг блистер, #10",3138,ИБУПРОФЕН,Пероральные твердые обычные,4,0.7872012500000001,0.21279875,0.76542925,0.23457075,183.1561,120.2066,303.3627,25.5,SUBSTITUTABLE
190973,"НО-ШПА®, Opella Healthcare International  (Франция), табл. 40 мг блистер, #24",3147,ДРОТАВЕРИН,Пероральные твердые обычные,33,0.45418763636363635,0.5458123636363635,1.0,0.0,95.96,183.1735,279.1336,2.484848484848485,CRITICAL
201899,"ГЕПАРИН-ИНДАР, Индар ЧАО (Украина, Киев), р-р д/ин. 25000 МЕ фл. 5 мл, в пачке, #5",3225,ГЕПАРИН НАТРИЙ,Парентеральные обычные,2,0.0,1.0,,,0.0,1.05,1.05,7.0,CRITICAL
229239,"ТРОКСЕВАЗИН, Teva (Израиль), гель 2 % туба 100 г",2733,ТРОКСЕРУТИН,"Местно действующие, дерматологические, антигеморроидальные, наружные",6,0.6652473333333333,0.3347526666666667,1.0,0.0,24.8341,47.3237,72.15780000000001,12.666666666666666,SUBSTITUTABLE
230392,"НО-ШПА® ФОРТЕ, Opella Healthcare International  (Франция), табл. 80 мг блистер, #24",3147,ДРОТАВЕРИН,Пероральные твердые обычные,12,0.6457395,0.35426050000000003,1.0,0.0,78.5448,62.173,140.71790000000001,6.0,SUBSTITUTABLE
231097,"НАЛГЕЗИН, KRKA d.d. Novo Mesto  (Словения), табл. п/плен. оболочкой 275 мг блистер, в карт. коробке, #20",2969,НАПРОКСЕН,Пероральные твердые обычные,7,0.45085342857142857,0.5491465714285714,1.0,0.0,4.1248000000000005,35.0658,39.1906,12.285714285714286,CRITICAL
235559,"НАЛГЕЗИН ФОРТЕ, KRKA d.d. Novo Mesto  (Словения), табл. п/плен. оболочкой 550 мг, #20",2969,НАПРОКСЕН,Пероральные твердые обычные,5,0.3313334,0.6686666000000001,1.0,0.0,6.07,27.8794,33.949400000000004,14.2,CRITICAL
292559,"НЕОГАБИН 150, Acino (Швейцария), капс. 150 мг блистер, #60",80617,ПРЕГАБАЛИН,Пероральные твердые обычные,14,0.689766,0.310234,1.0,0.0,99.1888,9.5972,108.786,6.428571428571429,SUBSTITUTABLE
292562,"НЕОГАБИН 75, Acino (Швейцария), капс. 75 мг блистер, #60",80617,ПРЕГАБАЛИН,Пероральные твердые обычные,4,0.79562725,0.20437275,1.0,0.0,29.3469,6.372800000000001,35.7195,4.75,SUBSTITUTABLE
311761,"НУРОФЕН ЭКСПРЕСС ФОРТЕ, Reckitt Benckiser Healthcare International  (Великобритания), капс. мягкие 400 мг, #10",3138,ИБУПРОФЕН,Пероральные твердые обычные,14,0.6843349285714285,0.3156650714285715,0.7610396428571429,0.23896035714285715,180.3607,150.0264,330.3869,6.928571428571429,SUBSTITUTABLE
330119,"ЛИПСТЕР, Фармак АО (Украина, Киев), крем 5 % туба 5 г, #1",3297,АЦИКЛОВИР,"Местно действующие, дерматологические, антигеморроидальные, наружные",4,0.66689275,0.33310724999999997,1.0,0.0,17.68,8.13,25.810000000000002,14.0,SUBSTITUTABLE
330834,"ЛИРИКА, Viatris  (США), капс. 300 мг блистер, #21",80617,ПРЕГАБАЛИН,Пероральные твердые обычные,2,0.860185,0.139815,1.0,0.0,37.883,12.4517,50.3346,9.0,SUBSTITUTABLE
343083,"ХИТАКСА, Adamed Pharma (Польша), табл., дисперг. в рот. полости 5 мг блистер, #10",40218,ДЕЗЛОРАТАДИН,Пероральные твердые обычные,1,0.152054,0.847946,1.0,0.0,7.01,39.092,46.102,37.0,CRITICAL
350492,"НУРОФЕН ДЛЯ ДЕТЕЙ ФОРТЕ, Reckitt Benckiser Healthcare International  (Великобритания), сусп. оральн. 200 мг/5 мл фл. 100 мл, с клубничным вкусом",3138,ИБУПРОФЕН,Пероральные жидкие обычные,1,0.556121,0.443879,0.25,0.75,4.0,3.1927,7.1927,3.0,CRITICAL
359468,"ОГРАНИЯ, Фармак АО (Украина, Киев), капс. 300 мг блистер, #30",80617,ПРЕГАБАЛИН,Пероральные твердые обычные,2,0.8240909999999999,0.17590899999999998,1.0,0.0,6.4265,1.3497000000000001,7.7763,1.5,SUBSTITUTABLE
359472,"ОГРАНИЯ, Фармак АО (Украина, Киев), капс. 75 мг блистер, #14",80617,ПРЕГАБАЛИН,Пероральные твердые обычные,4,0.5864145,0.41358550000000005,1.0,0.0,69.679,13.670000000000002,83.349,13.25,CRITICAL
359474,"ОГРАНИЯ, Фармак АО (Украина, Киев), капс. 150 мг блистер, #30",80617,ПРЕГАБАЛИН,Пероральные твердые обычные,3,0.8955496666666667,0.10445033333333333,1.0,0.0,34.4524,2.93,37.382400000000004,5.0,SUBSTITUTABLE
375230,"ГАБАНА®, Корпорация Артериум  (Украина, Киев), капс. 150 мг блистер в пачке, #20",80617,ПРЕГАБАЛИН,Пероральные твердые обычные,21,0.6438431904761904,0.3561568095238095,1.0,0.0,67.15090000000001,41.1101,108.261,2.761904761904762,SUBSTITUTABLE
375231,"ГАБАНА®, Корпорация Артериум  (Украина, Киев), капс. 75 мг блистер в пачке, #20",80617,ПРЕГАБАЛИН,Пероральные твердые обычные,13,0.6218824615384615,0.37811753846153845,1.0,0.0,64.6497,55.1228,119.7724,6.076923076923077,SUBSTITUTABLE
379544,"ОЛФЕН®, Teva (Израиль), пластырь лечебный 140 мг/12 часов пакет, #2",3170,ДИКЛОФЕНАК,Прочие системные,1,0.0,1.0,,,0.0,9.96,9.96,9.0,CRITICAL
379545,"ОЛФЕН®, Teva (Израиль), пластырь лечебный 140 мг/12 часов пакет, #5",3170,ДИКЛОФЕНАК,Прочие системные,1,0.024861,0.975139,1.0,0.0,1.0,39.2244,40.2244,22.0,CRITICAL
379546,"ОЛФЕН®, Teva (Израиль), пластырь лечебный 140 мг/12 часов пакет, #10",3170,ДИКЛОФЕНАК,Прочие системные,2,0.2043785,0.7956215,1.0,0.0,5.634499999999999,73.85499999999999,79.4896,49.0,CRITICAL
389775,"НУРОФЕН ДЛЯ ДЕТЕЙ ФОРТЕ, Reckitt Benckiser Healthcare International  (Великобритания), сусп. оральн. 200 мг/5 мл фл. 100 мл, с апельсиновым вкусом",3138,ИБУПРОФЕН,Пероральные жидкие обычные,5,0.831823,0.168177,0.1382062,0.8617938,128.24290000000002,19.3194,147.5623,10.8,SUBSTITUTABLE
410763,"ЭСТЕЗИФИН, Фармак АО (Украина, Киев), крем 1 % туба 15 г, #1",2963,НАФТИФИН,"Местно действующие, дерматологические, антигеморроидальные, наружные",1,0.383142,0.616858,1.0,0.0,2.0,3.22,5.22,12.0,CRITICAL
426659,"ЭСТЕЗИФИН, Фармак АО (Украина, Киев), спрей накожный 1 % фл. 15 мл, #1",2963,НАФТИФИН,"Местно действующие, дерматологические, антигеморроидальные, наружные",2,0.0,1.0,,,0.0,0.9584,0.9584,2.0,CRITICAL
446925,"САРГИН, Фармак АО (Украина, Киев), р-р д/инф. 42 мг/мл фл. 100 мл, #1",350,АРГИНИН,Парентеральные обычные,6,0.5348491666666667,0.46515083333333335,1.0,0.0,47.5723,15.1153,62.6875,11.666666666666666,CRITICAL
449769,"ПРЕГАБАЛИН-ДАРНИЦА, Дарница ЧАО (Украина, Киев), капс. 75 мг контурн. ячейк. уп., #21",80617,ПРЕГАБАЛИН,Пероральные твердые обычные,2,0.703075,0.296925,1.0,0.0,6.1168,2.52,8.636800000000001,1.5,SUBSTITUTABLE
506214,"ЭКЗИК, Житомирская ФФ ООО (Украина, Станишовка), р-р накожный 1 % фл. 20 мл, #1",2963,НАФТИФИН,"Местно действующие, дерматологические, антигеморроидальные, наружные",3,0.18198499999999998,0.8180149999999999,1.0,0.0,4.51,21.5261,26.036099999999998,13.666666666666666,CRITICAL
543373,"ЭКЗИСТА, Adamed Pharma (Польша), капс. тверд. 75 мг блистер, #28",80617,ПРЕГАБАЛИН,Пероральные твердые обычные,1,0.941732,0.058268,1.0,0.0,16.162,1.0,17.162,16.0,SUBSTITUTABLE
597303,"ГАБАНА®, Корпорация Артериум  (Украина, Киев), капс. 300 мг блистер в пачке, #20",80617,ПРЕГАБАЛИН,Пероральные твердые обычные,4,0.89253575,0.10746425,1.0,0.0,18.0277,1.2875,19.3152,3.75,SUBSTITUTABLE
600692,"ЛИПСТЕР, Фармак АО (Украина, Киев), табл. 400 мг блистер, #20",3297,АЦИКЛОВИР,Пероральные твердые обычные,1,0.514933,0.485067,1.0,0.0,5.0,4.71,9.71,18.0,CRITICAL
636734,"ТЕРМИДОЛ, Киевский витаминный завод АО (Украина, Киев), капс. мягкие 200 мг блистер, #10",3138,ИБУПРОФЕН,Пероральные твердые обычные,5,0.8868154,0.1131846,0.8367152000000001,0.1632848,222.8424,23.2285,246.0709,19.4,SUBSTITUTABLE
636736,"ТЕРМИДОЛ, Киевский витаминный завод АО (Украина, Киев), капс. мягкие 400 мг блистер, #10",3138,ИБУПРОФЕН,Пероральные твердые обычные,9,0.7464803333333333,0.2535196666666667,0.8745058888888889,0.12549411111111108,223.7476,121.50540000000001,345.2531,13.11111111111111,SUBSTITUTABLE
650512,"БРУФЕН® РАПИД, Abbott Products GmbH  (Германия), капс. мягкие 400 мг блистер, #10",3138,ИБУПРОФЕН,Пероральные твердые обычные,13,0.8184236923076923,0.1815763076923077,0.9103408333333333,0.08965916666666666,180.36399999999998,30.2043,210.5682,7.6923076923076925,SUBSTITUTABLE
654842,"НУРОФЕН ЭКСПРЕСС ФОРТЕ, Reckitt Benckiser Healthcare International  (Великобритания), капс. мягкие 400 мг, #20",3138,ИБУПРОФЕН,Пероральные твердые обычные,6,0.5572746666666667,0.44272533333333336,0.7971183333333333,0.20288166666666665,91.69229999999999,76.6298,168.3222,8.666666666666666,CRITICAL
660135,"ЭРИДЕЗ, Дарница ЧАО (Украина, Киев), табл., дисперг. в рот. полости 5 мг блистер, #10",40218,ДЕЗЛОРАТАДИН,Пероральные твердые обычные,5,0.789253,0.21074700000000002,0.5254293999999999,0.4745706,23.1646,5.741499999999999,28.9062,17.2,SUBSTITUTABLE
684691,"БРУФЕН® РЕТАРД, Abbott Products GmbH  (Германия), табл. пролонг. п/плен. обол. 800 мг блистер, #14",3138,ИБУПРОФЕН,Пероральные твердые длительно действующие,5,0.8849354,0.1150646,0.0,1.0,133.25560000000002,15.4072,148.6629,13.0,SUBSTITUTABLE
699977,"УНИКЛОФЕН, Unimed Pharma (Словацкая Республика), кап. глаз., р-р 0,1 % контейнер-капельница 10 мл",3170,ДИКЛОФЕНАК,Офтальмологические,1,0.0,1.0,,,0.0,3.0,3.0,15.0,CRITICAL
743233,"ПРЕГАБАЛИН-ДАРНИЦА, Дарница ЧАО (Украина, Киев), капс. 300 мг контурн. ячейк. уп., #21",80617,ПРЕГАБАЛИН,Пероральные твердые обычные,3,0.7191536666666667,0.2808463333333333,1.0,0.0,10.906600000000001,7.8939,18.8005,2.3333333333333335,SUBSTITUTABLE
744608,"АФФИДА МАКС С АРГИНИНОМ, Дельта Медикел ООО (Украина, Вишневое), гран. д/оральн. р-ра 400 мг саше, #20",3138,ИБУПРОФЕН,Пероральные жидкие обычные,6,0.8698696666666667,0.13013033333333335,0.18926383333333333,0.8107361666666666,64.2761,16.2454,80.5215,7.666666666666667,SUBSTITUTABLE
775520,"ДАРФЕН® ЭКСПРЕСС, Дарница ЧАО (Украина, Киев), сусп. оральн. 200 мг/10 мл саше 10 мл, #10",3138,ИБУПРОФЕН,Пероральные жидкие обычные,3,0.9745636666666666,0.025436333333333335,0.165482,0.8345180000000001,72.9984,2.6536,75.652,13.333333333333334,SUBSTITUTABLE
813369,"ЭДОКСАКОРД, Киевский витаминный завод АО (Украина, Киев), табл. п/плен. оболочкой 60 мг блистер, #30",790221,ЭДОКСАБАН,Пероральные твердые обычные,22,0.17162336363636363,0.8283766363636363,1.0,0.0,11.1801,57.741,68.92099999999999,3.6818181818181817,CRITICAL
813371,"ЭДОКСАКОРД, Киевский витаминный завод АО (Украина, Киев), табл. п/плен. оболочкой 30 мг блистер, #30",790221,ЭДОКСАБАН,Пероральные твердые обычные,16,0.2571398125,0.7428601875,1.0,0.0,11.42,69.04860000000001,80.4686,4.625,CRITICAL
825568,"ПРЕГАБАЛИН-ТЕВА, Teva (Израиль), капс. тверд. 75 мг блистер, #28",80617,ПРЕГАБАЛИН,Пероральные твердые обычные,3,0.6683883333333333,0.3316116666666667,1.0,0.0,41.4658,20.169800000000002,61.6356,5.666666666666667,SUBSTITUTABLE
832883,"ДОЛГИТ® КРЕМ, Naturwaren (Германия), крем туба 150 г, #1",3138,ИБУПРОФЕН,"Местно действующие, дерматологические, антигеморроидальные, наружные",1,0.159603,0.840397,1.0,0.0,3.23,17.0077,20.2377,21.0,CRITICAL
891717,"ТРОКСЕРУТИН, Юнифарма ООО (Украина, Киев), гель 2 % туба 40 г, в пачке, #1",2733,ТРОКСЕРУТИН,"Местно действующие, дерматологические, антигеморроидальные, наружные",5,0.4066726,0.5933274,1.0,0.0,6.88,6.6474,13.5274,2.0,CRITICAL
919331,"ПРЕГАБАЛИН АСИНО, Acino (Швейцария), капс. 75 мг блистер, #60",80617,ПРЕГАБАЛИН,Пероральные твердые обычные,2,0.6305335,0.3694665,1.0,0.0,3.3818,1.04,4.4218,2.5,SUBSTITUTABLE
921683,"ПРЕГАБАЛИН АСИНО, Acino (Швейцария), капс. 150 мг блистер, #30",80617,ПРЕГАБАЛИН,Пероральные твердые обычные,4,0.6066395,0.3933605,1.0,0.0,9.2857,7.428,16.7137,2.0,SUBSTITUTABLE
945739,"ЭРИДЕЗ, Дарница ЧАО (Украина, Киев), сироп 0,5 мг/мл фл. с мерн. стаканчиком 100 мл, #1",40218,ДЕЗЛОРАТАДИН,Пероральные жидкие обычные,1,0.0,1.0,,,0.0,0.55,0.55,4.0,CRITICAL
954397,"НУРОФЕН ФОРТЕ, Reckitt Benckiser Healthcare International  (Великобритания), табл. п/о 400 мг, #24",3138,ИБУПРОФЕН,Пероральные твердые обычные,3,0.8129426666666667,0.18705733333333333,0.655269,0.34473099999999995,12.6642,3.7374,16.401699999999998,2.0,SUBSTITUTABLE
1014022,"НО-ШПА® ДЛЯ ИНЪЕКЦИЙ, Opella Healthcare International  (Франция), р-р д/ин. 40 мг амп. 2 мл, #25",3147,ДРОТАВЕРИН,Парентеральные обычные,8,0.0,1.0,,,0.0,21.0751,21.0751,10.625,CRITICAL
