DRUGS_ID,DRUGS_NAME,INN_ID,INN_NAME,NFC1_ID,MARKET_COUNT,TOTAL_MARKETS,MARKET_COVERAGE,COVERAGE_CLUSTER
4043,"ТРОКСЕВАЗИН, Teva (Израиль), гель 2 % туба 40 г",2733,ТРОКСЕРУТИН,"Местно действующие, дерматологические, антигеморроидальные, наружные",10,10,1.0,HIGH
6572,"ДОЛГИТ® КРЕМ, Naturwaren (Германия), крем туба 50 г, #1",3138,ИБУПРОФЕН,"Местно действующие, дерматологические, антигеморроидальные, наружные",10,10,1.0,HIGH
7583,"ЗОВИРАКС, Халеон Украина ООО (Украина, Киев), крем 5 % туба 2 г, #1",3297,АЦИКЛОВИР,"Местно действующие, дерматологические, антигеморроидальные, наружные",10,10,1.0,HIGH
8609,"ЛИОТОН® 1000 ГЕЛЬ, Berlin-Chemie  (Германия), гель туба 50 г, #1",3225,ГЕПАРИН НАТРИЙ,"Местно действующие, дерматологические, антигеморроидальные, наружные",10,10,1.0,HIGH
17794,"БЕРОДУАЛ®, Boehringer Ingelheim  (Германия), р-р д/инг. фл. с капельницей 20 мл, #1",106853,ИПРАТРОПИЯ БРОМИД+ФЕНОТЕРОЛ,Для введения в легкие,10,10,1.0,HIGH
29400,"ДИКЛОБЕРЛ® 100, Berlin-Chemie  (Германия), супп. 100 мг, #10",3170,ДИКЛОФЕНАК,Ректальные системные,10,10,1.0,HIGH
29401,"ДИКЛОБЕРЛ® 50, Berlin-Chemie  (Германия), супп. 50 мг блистер, #10",3170,ДИКЛОФЕНАК,Ректальные системные,10,10,1.0,HIGH
29404,"ДИКЛОБЕРЛ® РЕТАРД, Berlin-Chemie  (Германия), капс. тверд. пролонг. дейст. 100 мг, #20",3170,ДИКЛОФЕНАК,Пероральные твердые длительно действующие,10,10,1.0,HIGH
31881,"ДИКЛОФЕНАК-ДАРНИЦА, Дарница ЧАО (Украина, Киев), р-р д/ин. 25 мг/мл амп. 3 мл, контурн. ячейк. уп., пачка, #10",3170,ДИКЛОФЕНАК,Парентеральные обычные,10,10,1.0,HIGH
32493,"ЛИОТОН® 1000 ГЕЛЬ, Berlin-Chemie  (Германия), гель туба 30 г, #1",3225,ГЕПАРИН НАТРИЙ,"Местно действующие, дерматологические, антигеморроидальные, наружные",10,10,1.0,HIGH
33729,"ТОБРЕКС®, Novartis Pharma (Швейцария), кап. глаз. 0,3 % фл.-капельн. 5 мл, #1",2757,ТОБРАМИЦИН,Офтальмологические,10,10,1.0,HIGH
62632,"ОРТОФЕН, Sopharma (Болгария), табл. п/о кишечно-раств. 0,025 г блистер, #30",3170,ДИКЛОФЕНАК,Пероральные твердые обычные,10,10,1.0,HIGH
73433,"ГЕРПЕВИР®, Корпорация Артериум  (Украина, Киев), табл. 400 мг блистер, #10",3297,АЦИКЛОВИР,Пероральные твердые обычные,10,10,1.0,HIGH
73434,"ГЕРПЕВИР®, Корпорация Артериум  (Украина, Киев), табл. 200 мг блистер, #20",3297,АЦИКЛОВИР,Пероральные твердые обычные,10,10,1.0,HIGH
74436,"ГЕРПЕВИР®, Корпорация Артериум  (Украина, Киев), мазь 25 мг/г туба 5 г",3297,АЦИКЛОВИР,"Местно действующие, дерматологические, антигеморроидальные, наружные",10,10,1.0,HIGH
82447,"ИМЕТ®, Berlin-Chemie  (Германия), табл. п/плен. оболочкой 400 мг, #10",3138,ИБУПРОФЕН,Пероральные твердые обычные,10,10,1.0,HIGH
82448,"ИМЕТ®, Berlin-Chemie  (Германия), табл. п/плен. оболочкой 400 мг, #20",3138,ИБУПРОФЕН,Пероральные твердые обычные,10,10,1.0,HIGH
99353,"НУРОФЕН, Reckitt Benckiser Healthcare International  (Великобритания), табл. п/о 200 мг блистер, #24",3138,ИБУПРОФЕН,Пероральные твердые обычные,10,10,1.0,HIGH
108638,"ЭДЕМ, Фармак АО (Украина, Киев), сироп 0,5 мг/мл фл.стекл. с крыш.укуп.-навинч. 60 мл, с дозир. ложкой, #1",40218,ДЕЗЛОРАТАДИН,Пероральные жидкие обычные,10,10,1.0,HIGH
109181,"НУРОФЕН ДЛЯ ДЕТЕЙ, Reckitt Benckiser Healthcare International  (Великобритания), сусп. оральн. 100 мг/5 мл фл. 100 мл, с апельсиновым вкусом",3138,ИБУПРОФЕН,Пероральные жидкие обычные,10,10,1.0,HIGH
110814,"НО-ШПА®, Opella Healthcare International  (Франция), табл. 40 мг контейнер дозирующ., #60",3147,ДРОТАВЕРИН,Пероральные твердые обычные,10,10,1.0,HIGH
111288,"ТИВОРТИН®, Юрия-Фарм ООО (Украина, Киев), р-р д/инф. 42 мг/мл бутылка стекл. 100 мл, в пачке, #1",350,АРГИНИН,Парентеральные обычные,10,10,1.0,HIGH
135600,"АЦИК®, Sandoz (Швейцария), крем 5 % туба 2 г, #1",3297,АЦИКЛОВИР,"Местно действующие, дерматологические, антигеморроидальные, наружные",10,10,1.0,HIGH
136698,"ОРТОФЕН-ЗДОРОВЬЕ ФОРТЕ, Здоровье Группа компаний ООО (Украина, Харьков), табл. п/о кишечно-раств. 50 мг блистер, #30",3170,ДИКЛОФЕНАК,Пероральные твердые обычные,10,10,1.0,HIGH
156589,"ЛЕРКАМЕН® 20, Berlin-Chemie  (Германия), табл. п/плен. оболочкой 20 мг блистер, #60",60436,ЛЕРКАНИДИПИН,Пероральные твердые обычные,10,10,1.0,HIGH
175990,"НИКСАР, Berlin-Chemie  (Германия), табл. 20 мг блистер, #30",298137,БИЛАСТИН,Пероральные твердые обычные,10,10,1.0,HIGH
229239,"ТРОКСЕВАЗИН, Teva (Израиль), гель 2 % туба 100 г",2733,ТРОКСЕРУТИН,"Местно действующие, дерматологические, антигеморроидальные, наружные",10,10,1.0,HIGH
235559,"НАЛГЕЗИН ФОРТЕ, KRKA d.d. Novo Mesto  (Словения), табл. п/плен. оболочкой 550 мг, #20",2969,НАПРОКСЕН,Пероральные твердые обычные,10,10,1.0,HIGH
350492,"НУРОФЕН ДЛЯ ДЕТЕЙ ФОРТЕ, Reckitt Benckiser Healthcare International  (Великобритания), сусп. оральн. 200 мг/5 мл фл. 100 мл, с клубничным вкусом",3138,ИБУПРОФЕН,Пероральные жидкие обычные,10,10,1.0,HIGH
650512,"БРУФЕН® РАПИД, Abbott Products GmbH  (Германия), капс. мягкие 400 мг блистер, #10",3138,ИБУПРОФЕН,Пероральные твердые обычные,10,10,1.0,HIGH
1014022,"НО-ШПА® ДЛЯ ИНЪЕКЦИЙ, Opella Healthcare International  (Франция), р-р д/ин. 40 мг амп. 2 мл, #25",3147,ДРОТАВЕРИН,Парентеральные обычные,10,10,1.0,HIGH
4954,"ИБУПРОФЕН, Борщаговский ХФЗ ПАО (Украина, Киев), табл. п/плен. оболочкой 200 мг, #50",3138,ИБУПРОФЕН,Пероральные твердые обычные,9,10,0.9,HIGH
5050,"НАКЛОФЕН, KRKA d.d. Novo Mesto  (Словения), р-р д/ин. 75 мг амп. 3 мл, #5",3170,ДИКЛОФЕНАК,Парентеральные обычные,9,10,0.9,HIGH
10918,"НАКЛОФЕН ДУО, KRKA d.d. Novo Mesto  (Словения), капс. 75 мг блистер, #20",3170,ДИКЛОФЕНАК,Пероральные твердые обычные,9,10,0.9,HIGH
25464,"ДИКЛОФЕНАК, Красная звезда ОАО (Украина, Харьков), табл. 0,05 г блистер, в пачке, #30",3170,ДИКЛОФЕНАК,Пероральные твердые обычные,9,10,0.9,HIGH
28888,"КЛАРИТИН®, Bayer Consumer Health  (Швейцария), табл. 10 мг, #10",3030,ЛОРАТАДИН,Пероральные твердые обычные,9,10,0.9,HIGH
36782,"НАТРИЯ ДИКЛОФЕНАК-КВ, Киевский витаминный завод АО (Украина, Киев), капс. тверд. 25 мг блистер, #30",3170,ДИКЛОФЕНАК,Пероральные твердые обычные,9,10,0.9,HIGH
41398,"ДРОТАВЕРИН, Корпорация Артериум  (Украина, Киев), табл. 40 мг блистер, #30",3147,ДРОТАВЕРИН,Пероральные твердые обычные,9,10,0.9,HIGH
50178,"ДИКЛОФЕНАК-ДАРНИЦА, Дарница ЧАО (Украина, Киев), табл. п/о кишечно-раств. 25 мг контурн. ячейк. уп., #30",3170,ДИКЛОФЕНАК,Пероральные твердые обычные,9,10,0.9,HIGH
69125,"ЛОРАТАДИН-ДАРНИЦА, Дарница ЧАО (Украина, Киев), табл. 10 мг контурн. ячейк. уп., #10",3030,ЛОРАТАДИН,Пероральные твердые обычные,9,10,0.9,HIGH
70279,"ДИКЛОБЕРЛ® N 75, Berlin-Chemie  (Германия), р-р д/ин. 75 мг амп. 3 мл, #5",3170,ДИКЛОФЕНАК,Парентеральные обычные,9,10,0.9,HIGH
75148,"ОЛФЕН®-100 СР ДЕПОКАПС, Teva (Израиль), капс. пролонг. дейст. 100 мг, #20",3170,ДИКЛОФЕНАК,Пероральные твердые длительно действующие,9,10,0.9,HIGH
89669,"МУКОГЕН, Macleods Pharmaceuticals Ltd (Индия), табл. п/о 100 мг стрип, #30",95259,РЕБАМИПИД,Пероральные твердые обычные,9,10,0.9,HIGH
99351,"НУРОФЕН, Reckitt Benckiser Healthcare International  (Великобритания), табл. п/о 200 мг блистер, #6",3138,ИБУПРОФЕН,Пероральные твердые обычные,9,10,0.9,HIGH
102770,"НО-ШПА®, Opella Healthcare International  (Франция), табл. 40 мг фл., #100",3147,ДРОТАВЕРИН,Пероральные твердые обычные,9,10,0.9,HIGH
103309,"ДИКЛОФЕНАК, Лекхим ЧАО (Украина, Киев), супп. ректал. 0,1 г, #10",3170,ДИКЛОФЕНАК,Ректальные системные,9,10,0.9,HIGH
109182,"НУРОФЕН ДЛЯ ДЕТЕЙ, Reckitt Benckiser Healthcare International  (Великобритания), сусп. оральн. 100 мг/5 мл фл. 100 мл, с клубничным вкусом",3138,ИБУПРОФЕН,Пероральные жидкие обычные,9,10,0.9,HIGH
110626,"ЭДЕМ, Фармак АО (Украина, Киев), табл. п/о 5 мг блистер, #10",40218,ДЕЗЛОРАТАДИН,Пероральные твердые обычные,9,10,0.9,HIGH
114638,"ДИКЛАК® ГЕЛЬ, Sandoz (Швейцария), гель 5 % туба 50 г, #1",3170,ДИКЛОФЕНАК,"Местно действующие, дерматологические, антигеморроидальные, наружные",9,10,0.9,HIGH
122431,"НУРОФЕН ЭКСПРЕСС УЛЬТРАКАП, Reckitt Benckiser Healthcare International  (Великобритания), капс. мягкие 200 мг, #10",3138,ИБУПРОФЕН,Пероральные твердые обычные,9,10,0.9,HIGH
134048,"ГЛУТАРГИН АЛКОКЛИН, Здоровье Группа компаний ООО (Украина, Харьков), пор. д/оральн. р-ра 1 г/3 г пакет 3 г, #10",350,АРГИНИН,Пероральные жидкие обычные,9,10,0.9,HIGH
144824,"ТРОКСЕВАЗИН®, Teva (Израиль), капс. 300 мг блистер, #50",2733,ТРОКСЕРУТИН,Пероральные твердые обычные,9,10,0.9,HIGH
149164,"ЛЕРКАМЕН® 10, Berlin-Chemie  (Германия), табл. п/плен. оболочкой 10 мг, #60",60436,ЛЕРКАНИДИПИН,Пероральные твердые обычные,9,10,0.9,HIGH
149166,"ЛИРИКА, Viatris  (США), капс. 75 мг блистер, #14",80617,ПРЕГАБАЛИН,Пероральные твердые обычные,9,10,0.9,HIGH
187678,"ЭДЕМ, Фармак АО (Украина, Киев), табл. п/о 5 мг блистер, #30",40218,ДЕЗЛОРАТАДИН,Пероральные твердые обычные,9,10,0.9,HIGH
230392,"НО-ШПА® ФОРТЕ, Opella Healthcare International  (Франция), табл. 80 мг блистер, #24",3147,ДРОТАВЕРИН,Пероральные твердые обычные,9,10,0.9,HIGH
273079,"ВОЛЬТАРЕН ФОРТЕ, Халеон Украина ООО (Украина, Киев), эмульгель д/наруж. прим. 2,32 % туба 100 г, #1",3170,ДИКЛОФЕНАК,"Местно действующие, дерматологические, антигеморроидальные, наружные",9,10,0.9,HIGH
329670,"ЭКЗОДЕРИЛ®, Sandoz (Швейцария), р-р накожный 1 % фл. 20 мл, #1",2963,НАФТИФИН,"Местно действующие, дерматологические, антигеморроидальные, наружные",9,10,0.9,HIGH
379545,"ОЛФЕН®, Teva (Израиль), пластырь лечебный 140 мг/12 часов пакет, #5",3170,ДИКЛОФЕНАК,Прочие системные,9,10,0.9,HIGH
389775,"НУРОФЕН ДЛЯ ДЕТЕЙ ФОРТЕ, Reckitt Benckiser Healthcare International  (Великобритания), сусп. оральн. 200 мг/5 мл фл. 100 мл, с апельсиновым вкусом",3138,ИБУПРОФЕН,Пероральные жидкие обычные,9,10,0.9,HIGH
636736,"ТЕРМИДОЛ, Киевский витаминный завод АО (Украина, Киев), капс. мягкие 400 мг блистер, #10",3138,ИБУПРОФЕН,Пероральные твердые обычные,9,10,0.9,HIGH
702760,"ДИКЛОФЕНАК, Виола ФФ ЧАО (Украина, Запорожье), гель 5 % туба алюм. 50 г, в пачке",3170,ДИКЛОФЕНАК,"Местно действующие, дерматологические, антигеморроидальные, наружные",9,10,0.9,HIGH
757899,"НО-ШПА® ФОРТЕ, Opella Healthcare International  (Франция), табл. 80 мг блистер, #10",3147,ДРОТАВЕРИН,Пероральные твердые обычные,9,10,0.9,HIGH
6573,"ДОЛГИТ® КРЕМ, Naturwaren (Германия), крем туба 100 г, #1",3138,ИБУПРОФЕН,"Местно действующие, дерматологические, антигеморроидальные, наружные",8,10,0.8,HIGH
33762,"ГЕПАТРОМБИН, Stada  (Германия), гель 50000 МЕ/100 г туба 40 г, #1",3225,ГЕПАРИН НАТРИЙ,"Местно действующие, дерматологические, антигеморроидальные, наружные",8,10,0.8,HIGH
36994,"ГЕПАРИН-ДАРНИЦА, Дарница ЧАО (Украина, Киев), гель 600 ЕД/г туба 30 г",3225,ГЕПАРИН НАТРИЙ,"Местно действующие, дерматологические, антигеморроидальные, наружные",8,10,0.8,HIGH
38166,"БЕРОДУАЛ® Н, Boehringer Ingelheim  (Германия), аэр. дозир. баллончик метал. 10 мл, 200 доз",106853,ИПРАТРОПИЯ БРОМИД+ФЕНОТЕРОЛ,Для введения в легкие,8,10,0.8,HIGH
40041,"ЭРИУС®, Bayer Consumer Health  (Швейцария), табл. п/плен. оболочкой 5 мг блистер, #10",40218,ДЕЗЛОРАТАДИН,Пероральные твердые обычные,8,10,0.8,HIGH
47005,"ДРОТАВЕРИН-ДАРНИЦА, Дарница ЧАО (Украина, Киев), табл. 40 мг контурн. ячейк. уп., #20",3147,ДРОТАВЕРИН,Пероральные твердые обычные,8,10,0.8,HIGH
49724,"ЭРИУС®, Bayer Consumer Health  (Швейцария), сироп 0,5 мг/мл фл. 60 мл, #1",40218,ДЕЗЛОРАТАДИН,Пероральные жидкие обычные,8,10,0.8,HIGH
55120,"НАЛГЕЗИН, KRKA d.d. Novo Mesto  (Словения), табл. п/плен. оболочкой 275 мг блистер, в карт. коробке, #10",2969,НАПРОКСЕН,Пероральные твердые обычные,8,10,0.8,HIGH
55121,"НАЛГЕЗИН ФОРТЕ, KRKA d.d. Novo Mesto  (Словения), табл. п/плен. оболочкой 550 мг, #10",2969,НАПРОКСЕН,Пероральные твердые обычные,8,10,0.8,HIGH
69784,"ИБУПРОФЕН-ДАРНИЦА, Дарница ЧАО (Украина, Киев), табл. 200 мг контурн. ячейк. уп., #50",3138,ИБУПРОФЕН,Пероральные твердые обычные,8,10,0.8,HIGH
94658,"НУРОФЕН ФОРТЕ, Reckitt Benckiser Healthcare International  (Великобритания), табл. п/о 400 мг, #12",3138,ИБУПРОФЕН,Пероральные твердые обычные,8,10,0.8,HIGH
99352,"НУРОФЕН, Reckitt Benckiser Healthcare International  (Великобритания), табл. п/о 200 мг блистер, #12",3138,ИБУПРОФЕН,Пероральные твердые обычные,8,10,0.8,HIGH
114335,"ГЛУТАРГИН, Здоровье Группа компаний ООО (Украина, Харьков), табл. 0,75 г блистер, #30",350,АРГИНИН,Пероральные твердые обычные,8,10,0.8,HIGH
149167,"ЛИРИКА, Viatris  (США), капс. 150 мг блистер, #14",80617,ПРЕГАБАЛИН,Пероральные твердые обычные,8,10,0.8,HIGH
174103,"ЭКЗОДЕРИЛ®, Sandoz (Швейцария), крем 1 % туба 15 г, #1",2963,НАФТИФИН,"Местно действующие, дерматологические, антигеморроидальные, наружные",8,10,0.8,HIGH
175763,"БРУФЕН®, Abbott Products GmbH  (Германия), гран. шип. 600 мг саше, #30",3138,ИБУПРОФЕН,Пероральные жидкие обычные,8,10,0.8,HIGH
190510,"ИБУПРОМ СПРИНТ МАКС, Дельта Медикел ООО (Украина, Вишневое), капс. мягкие 400 мг блистер, #10",3138,ИБУПРОФЕН,Пероральные твердые обычные,8,10,0.8,HIGH
221839,"НУРОФЕН, Reckitt Benckiser Healthcare International  (Великобритания), табл. п/о 200 мг блистер, #8",3138,ИБУПРОФЕН,Пероральные твердые обычные,8,10,0.8,HIGH
223405,"ЭРИДЕЗ-ДАРНИЦА, Дарница ЧАО (Украина, Киев), табл. п/о 5 мг контурн. ячейк. уп., #10",40218,ДЕЗЛОРАТАДИН,Пероральные твердые обычные,8,10,0.8,HIGH
231097,"НАЛГЕЗИН, KRKA d.d. Novo Mesto  (Словения), табл. п/плен. оболочкой 275 мг блистер, в карт. коробке, #20",2969,НАПРОКСЕН,Пероральные твердые обычные,8,10,0.8,HIGH
426659,"ЭСТЕЗИФИН, Фармак АО (Украина, Киев), спрей накожный 1 % фл. 15 мл, #1",2963,НАФТИФИН,"Местно действующие, дерматологические, антигеморроидальные, наружные",8,10,0.8,HIGH
449655,"ДИКЛОФЕНАК-ТЕВА, Teva (Израиль), р-р д/ин. 75 мг/3 мл амп. 3 мл, #5",3170,ДИКЛОФЕНАК,Парентеральные обычные,8,10,0.8,HIGH
607314,"НУРОФЕН 12+, Reckitt Benckiser Healthcare International  (Великобритания), табл. п/о 200 мг блистер, #12",3138,ИБУПРОФЕН,Пероральные твердые обычные,8,10,0.8,HIGH
631003,"ЭСТЕЗИФИН, Фармак АО (Украина, Киев), р-р накожный 1 % фл. 25 мл, #1",2963,НАФТИФИН,"Местно действующие, дерматологические, антигеморроидальные, наружные",8,10,0.8,HIGH
654842,"НУРОФЕН ЭКСПРЕСС ФОРТЕ, Reckitt Benckiser Healthcare International  (Великобритания), капс. мягкие 400 мг, #20",3138,ИБУПРОФЕН,Пероральные твердые обычные,8,10,0.8,HIGH
741033,"НУРОФЕН ЭКСПРЕСС УЛЬТРАКАП, Reckitt Benckiser Healthcare International  (Великобритания), капс. мягкие 200 мг, #16",3138,ИБУПРОФЕН,Пероральные твердые обычные,8,10,0.8,HIGH
813369,"ЭДОКСАКОРД, Киевский витаминный завод АО (Украина, Киев), табл. п/плен. оболочкой 60 мг блистер, #30",790221,ЭДОКСАБАН,Пероральные твердые обычные,8,10,0.8,HIGH
909840,"ЕВРОФАСТ СОФТКАПС, Euro Lifecare  (Великобритания), капс. мягкие 400 мг блистер, в карт. коробке, #20",3138,ИБУПРОФЕН,Пероральные твердые обычные,8,10,0.8,HIGH
954397,"НУРОФЕН ФОРТЕ, Reckitt Benckiser Healthcare International  (Великобритания), табл. п/о 400 мг, #24",3138,ИБУПРОФЕН,Пероральные твердые обычные,8,10,0.8,HIGH
12028,"ВОЛЬТАРЕН ЭМУЛЬГЕЛЬ, Халеон Украина ООО (Украина, Киев), эмульгель д/наруж. прим. 1 % туба 50 г, #1",3170,ДИКЛОФЕНАК,"Местно действующие, дерматологические, антигеморроидальные, наружные",7,10,0.7,HIGH
13656,"ИБУПРОФЕН, Sopharma (Болгария), табл. п/о 200 мг блистер в пачке, #50",3138,ИБУПРОФЕН,Пероральные твердые обычные,7,10,0.7,HIGH
32346,"АЦИКЛОВИР 400 СТАДА®, Stada  (Германия), табл. 400 мг блистер, #35",3297,АЦИКЛОВИР,Пероральные твердые обычные,7,10,0.7,HIGH
36225,"ТРОКСЕРУТИН-ДАРНИЦА, Дарница ЧАО (Украина, Киев), гель 20 мг/г туба 30 г, #1",2733,ТРОКСЕРУТИН,"Местно действующие, дерматологические, антигеморроидальные, наружные",7,10,0.7,HIGH
38325,"ЛОРАТАДИН, Фармак АО (Украина, Киев), табл. 0,01 г блистер, #20",3030,ЛОРАТАДИН,Пероральные твердые обычные,7,10,0.7,HIGH
41633,"ИБУПРОМ, Дельта Медикел ООО (Украина, Вишневое), табл. п/о 200 мг блистер, #10",3138,ИБУПРОФЕН,Пероральные твердые обычные,7,10,0.7,HIGH
45751,"ЛОРАТАДИН, Корпорация Артериум  (Украина, Киев), табл. 10 мг блистер, #10",3030,ЛОРАТАДИН,Пероральные твердые обычные,7,10,0.7,HIGH
62203,"АЦИКЛОВИР-ДАРНИЦА, Дарница ЧАО (Украина, Киев), табл. 200 мг контурн. ячейк. уп., в пачке, #20",3297,АЦИКЛОВИР,Пероральные твердые обычные,7,10,0.7,HIGH
95127,"НУРОФЕН ДЛЯ ДЕТЕЙ, Reckitt Benckiser Healthcare International  (Великобритания), супп. ректал. 60 мг, #10",3138,ИБУПРОФЕН,Ректальные системные,7,10,0.7,HIGH
156975,"ДИКЛАК® ГЕЛЬ, Sandoz (Швейцария), гель 5 % туба 100 г, #1",3170,ДИКЛОФЕНАК,"Местно действующие, дерматологические, антигеморроидальные, наружные",7,10,0.7,HIGH
160829,"ДИКЛОФЕНАК-ФАРМЕКС, Здоровье Группа компаний ООО (Украина, Харьков), супп. ректал. 100 мг стрип, #10",3170,ДИКЛОФЕНАК,Ректальные системные,7,10,0.7,HIGH
175805,"ЕВРОФАСТ, Euro Lifecare  (Великобритания), капс. мягкие желат. 400 мг блистер в коробке, #20",3138,ИБУПРОФЕН,Пероральные твердые обычные,7,10,0.7,HIGH
175989,"НИКСАР, Berlin-Chemie  (Германия), табл. 20 мг блистер, #10",298137,БИЛАСТИН,Пероральные твердые обычные,7,10,0.7,HIGH
188586,"ДИКЛОФЕНАК ЕВРО, Euro Lifecare  (Великобритания), табл. п/о кишечно-раств. 50 мг блистер, #100",3170,ДИКЛОФЕНАК,Пероральные твердые обычные,7,10,0.7,HIGH
193845,"ДРОТАВЕРИН-ДАРНИЦА, Дарница ЧАО (Украина, Киев), табл. 40 мг контурн. ячейк. уп., #30",3147,ДРОТАВЕРИН,Пероральные твердые обычные,7,10,0.7,HIGH
311761,"НУРОФЕН ЭКСПРЕСС ФОРТЕ, Reckitt Benckiser Healthcare International  (Великобритания), капс. мягкие 400 мг, #10",3138,ИБУПРОФЕН,Пероральные твердые обычные,7,10,0.7,HIGH
330834,"ЛИРИКА, Viatris  (США), капс. 300 мг блистер, #21",80617,ПРЕГАБАЛИН,Пероральные твердые обычные,7,10,0.7,HIGH
375230,"ГАБАНА®, Корпорация Артериум  (Украина, Киев), капс. 150 мг блистер в пачке, #20",80617,ПРЕГАБАЛИН,Пероральные твердые обычные,7,10,0.7,HIGH
379544,"ОЛФЕН®, Teva (Израиль), пластырь лечебный 140 мг/12 часов пакет, #2",3170,ДИКЛОФЕНАК,Прочие системные,7,10,0.7,HIGH
379546,"ОЛФЕН®, Teva (Израиль), пластырь лечебный 140 мг/12 часов пакет, #10",3170,ДИКЛОФЕНАК,Прочие системные,7,10,0.7,HIGH
449769,"ПРЕГАБАЛИН-ДАРНИЦА, Дарница ЧАО (Украина, Киев), капс. 75 мг контурн. ячейк. уп., #21",80617,ПРЕГАБАЛИН,Пероральные твердые обычные,7,10,0.7,HIGH
501762,"ЗОНИК, Кусум Фарм ООО (Украина, Киев), капс. тверд. 75 мг блистер, #28",80617,ПРЕГАБАЛИН,Пероральные твердые обычные,7,10,0.7,HIGH
529025,"ОЛФЕН® ГИДРОГЕЛЬ, Teva (Израиль), гель 1 % туба 50 г",3170,ДИКЛОФЕНАК,"Местно действующие, дерматологические, антигеморроидальные, наружные",7,10,0.7,HIGH
597303,"ГАБАНА®, Корпорация Артериум  (Украина, Киев), капс. 300 мг блистер в пачке, #20",80617,ПРЕГАБАЛИН,Пероральные твердые обычные,7,10,0.7,HIGH
684691,"БРУФЕН® РЕТАРД, Abbott Products GmbH  (Германия), табл. пролонг. п/плен. обол. 800 мг блистер, #14",3138,ИБУПРОФЕН,Пероральные твердые длительно действующие,7,10,0.7,HIGH
744608,"АФФИДА МАКС С АРГИНИНОМ, Дельта Медикел ООО (Украина, Вишневое), гран. д/оральн. р-ра 400 мг саше, #20",3138,ИБУПРОФЕН,Пероральные жидкие обычные,7,10,0.7,HIGH
761709,"БИЛАГИС, Фармак АО (Украина, Киев), табл. 20 мг блистер, #30",298137,БИЛАСТИН,Пероральные твердые обычные,7,10,0.7,HIGH
813371,"ЭДОКСАКОРД, Киевский витаминный завод АО (Украина, Киев), табл. п/плен. оболочкой 30 мг блистер, #30",790221,ЭДОКСАБАН,Пероральные твердые обычные,7,10,0.7,HIGH
832883,"ДОЛГИТ® КРЕМ, Naturwaren (Германия), крем туба 150 г, #1",3138,ИБУПРОФЕН,"Местно действующие, дерматологические, антигеморроидальные, наружные",7,10,0.7,HIGH
5949,"ВОЛЬТАРЕН®, Novartis Pharma (Швейцария), р-р д/ин. 75 мг амп. 3 мл, #5",3170,ДИКЛОФЕНАК,Парентеральные обычные,6,10,0.6,HIGH
31880,"ДИКЛОФЕНАК-ДАРНИЦА, Дарница ЧАО (Украина, Киев), р-р д/ин. 25 мг/мл амп. 3 мл, контурн. ячейк. уп., пачка, #5",3170,ДИКЛОФЕНАК,Парентеральные обычные,6,10,0.6,HIGH
51182,"ГЛУТАРГИН, Здоровье Группа компаний ООО (Украина, Харьков), конц. д/р-ра д/инф. 400 мг/мл амп. 5 мл, в блист. в коробках, #10",350,АРГИНИН,Парентеральные обычные,6,10,0.6,HIGH
52412,"ГЛУТАРГИН, Здоровье Группа компаний ООО (Украина, Харьков), табл. 0,25 г блистер, #30",350,АРГИНИН,Пероральные твердые обычные,6,10,0.6,HIGH
63472,"АЦИКЛОВИР-ФАРМАК, Фармак АО (Украина, Киев), табл. 200 мг, #20",3297,АЦИКЛОВИР,Пероральные твердые обычные,6,10,0.6,HIGH
63512,"ИБУПРОМ МАКС, Дельта Медикел ООО (Украина, Вишневое), табл. п/о 400 мг блистер, #24",3138,ИБУПРОФЕН,Пероральные твердые обычные,6,10,0.6,HIGH
74437,"ГЕРПЕВИР®, Корпорация Артериум  (Украина, Киев), мазь 25 мг/г туба 15 г",3297,АЦИКЛОВИР,"Местно действующие, дерматологические, антигеморроидальные, наружные",6,10,0.6,HIGH
138340,"ГОФЕН 400, Mega Lifesciences  (Таиланд), капс. мягкие 400 мг блистер, #60",3138,ИБУПРОФЕН,Пероральные твердые обычные,6,10,0.6,HIGH
170774,"ЭКЗОДЕРИЛ®, Sandoz (Швейцария), р-р накожный 1 % фл. 10 мл, #1",2963,НАФТИФИН,"Местно действующие, дерматологические, антигеморроидальные, наружные",6,10,0.6,HIGH
171103,"АЦИКЛОВИР, Житомирская ФФ ООО (Украина, Станишовка), мазь 2,5 % туба 10 г, в пачке, #1",3297,АЦИКЛОВИР,"Местно действующие, дерматологические, антигеморроидальные, наружные",6,10,0.6,HIGH
174591,"ЛИРИКА, Viatris  (США), капс. 150 мг блистер, #56",80617,ПРЕГАБАЛИН,Пероральные твердые обычные,6,10,0.6,HIGH
273078,"ВОЛЬТАРЕН ФОРТЕ, Халеон Украина ООО (Украина, Киев), эмульгель д/наруж. прим. 2,32 % туба 50 г, #1",3170,ДИКЛОФЕНАК,"Местно действующие, дерматологические, антигеморроидальные, наружные",6,10,0.6,HIGH
292559,"НЕОГАБИН 150, Acino (Швейцария), капс. 150 мг блистер, #60",80617,ПРЕГАБАЛИН,Пероральные твердые обычные,6,10,0.6,HIGH
292562,"НЕОГАБИН 75, Acino (Швейцария), капс. 75 мг блистер, #60",80617,ПРЕГАБАЛИН,Пероральные твердые обычные,6,10,0.6,HIGH
314746,"НУРОФЕН ДЛЯ ДЕТЕЙ, Reckitt Benckiser Healthcare International  (Великобритания), сусп. оральн. 100 мг/5 мл фл. 200 мл, с апельсиновым вкусом",3138,ИБУПРОФЕН,Пероральные жидкие обычные,6,10,0.6,HIGH
359468,"ОГРАНИЯ, Фармак АО (Украина, Киев), капс. 300 мг блистер, #30",80617,ПРЕГАБАЛИН,Пероральные твердые обычные,6,10,0.6,HIGH
411903,"ИБУПРОФЕН-ДАРНИЦА, Дарница ЧАО (Украина, Киев), табл. 200 мг контурн. ячейк. уп., #20",3138,ИБУПРОФЕН,Пероральные твердые обычные,6,10,0.6,HIGH
491742,"ЭКЗОДЕРИЛ®, Sandoz (Швейцария), крем 1 % туба 30 г, #1",2963,НАФТИФИН,"Местно действующие, дерматологические, антигеморроидальные, наружные",6,10,0.6,HIGH
586548,"АФФИДА МАКС ЭКСПРЕСС, Дельта Медикел ООО (Украина, Вишневое), капс. мягкие 400 мг блистер, #20",3138,ИБУПРОФЕН,Пероральные твердые обычные,6,10,0.6,HIGH
775520,"ДАРФЕН® ЭКСПРЕСС, Дарница ЧАО (Украина, Киев), сусп. оральн. 200 мг/10 мл саше 10 мл, #10",3138,ИБУПРОФЕН,Пероральные жидкие обычные,6,10,0.6,HIGH
822324,"ОЛФЕН® ФОРТЕ ГИДРОГЕЛЬ, Teva (Израиль), гель 2 % туба 50 г, #1",3170,ДИКЛОФЕНАК,"Местно действующие, дерматологические, антигеморроидальные, наружные",6,10,0.6,HIGH
822325,"ОЛФЕН® ФОРТЕ ГИДРОГЕЛЬ, Teva (Израиль), гель 2 % туба 100 г, #1",3170,ДИКЛОФЕНАК,"Местно действующие, дерматологические, антигеморроидальные, наружные",6,10,0.6,HIGH
909843,"ЕВРОФАСТ СОФТКАПС, Euro Lifecare  (Великобритания), капс. мягкие 200 мг блистер, в карт. коробке, #20",3138,ИБУПРОФЕН,Пероральные твердые обычные,6,10,0.6,HIGH
30976,"ДОЛГИТ® КРЕМ, Naturwaren (Германия), крем туба 20 г, #1",3138,ИБУПРОФЕН,"Местно действующие, дерматологические, антигеморроидальные, наружные",5,10,0.5,HIGH
60260,"ЛЕРКАМЕН® 10, Berlin-Chemie  (Германия), табл. п/плен. оболочкой 10 мг, #28",60436,ЛЕРКАНИДИПИН,Пероральные твердые обычные,5,10,0.5,HIGH
63511,"ИБУПРОМ МАКС, Дельта Медикел ООО (Украина, Вишневое), табл. п/о 400 мг блистер, #12",3138,ИБУПРОФЕН,Пероральные твердые обычные,5,10,0.5,HIGH
99972,"ИБУПРОМ СПРИНТ КАПС, Дельта Медикел ООО (Украина, Вишневое), капс. мягкие 200 мг блистер, #10",3138,ИБУПРОФЕН,Пероральные твердые обычные,5,10,0.5,HIGH
112612,"ДИКЛОФЕНАК-ЗДОРОВЬЕ УЛЬТРА, Здоровье Группа компаний ООО (Украина, Харьков), гель 50 мг/г туба 50 г, #1",3170,ДИКЛОФЕНАК,"Местно действующие, дерматологические, антигеморроидальные, наружные",5,10,0.5,HIGH
190511,"ИБУПРОМ СПРИНТ МАКС, Дельта Медикел ООО (Украина, Вишневое), капс. мягкие 400 мг блистер, #20",3138,ИБУПРОФЕН,Пероральные твердые обычные,5,10,0.5,HIGH
190973,"НО-ШПА®, Opella Healthcare International  (Франция), табл. 40 мг блистер, #24",3147,ДРОТАВЕРИН,Пероральные твердые обычные,5,10,0.5,HIGH
193148,"ВОЛЬТАРЕН ЭМУЛЬГЕЛЬ, Халеон Украина ООО (Украина, Киев), эмульгель д/наруж. прим. 1 % туба 100 г, #1",3170,ДИКЛОФЕНАК,"Местно действующие, дерматологические, антигеморроидальные, наружные",5,10,0.5,HIGH
330018,"НУРОФЕН ДЛЯ ДЕТЕЙ, Reckitt Benckiser Healthcare International  (Великобритания), сусп. оральн. 100 мг/5 мл фл. 200 мл, с клубничным вкусом",3138,ИБУПРОФЕН,Пероральные жидкие обычные,5,10,0.5,HIGH
330119,"ЛИПСТЕР, Фармак АО (Украина, Киев), крем 5 % туба 5 г, #1",3297,АЦИКЛОВИР,"Местно действующие, дерматологические, антигеморроидальные, наружные",5,10,0.5,HIGH
359474,"ОГРАНИЯ, Фармак АО (Украина, Киев), капс. 150 мг блистер, #30",80617,ПРЕГАБАЛИН,Пероральные твердые обычные,5,10,0.5,HIGH
375231,"ГАБАНА®, Корпорация Артериум  (Украина, Киев), капс. 75 мг блистер в пачке, #20",80617,ПРЕГАБАЛИН,Пероральные твердые обычные,5,10,0.5,HIGH
410763,"ЭСТЕЗИФИН, Фармак АО (Украина, Киев), крем 1 % туба 15 г, #1",2963,НАФТИФИН,"Местно действующие, дерматологические, антигеморроидальные, наружные",5,10,0.5,HIGH
446925,"САРГИН, Фармак АО (Украина, Киев), р-р д/инф. 42 мг/мл фл. 100 мл, #1",350,АРГИНИН,Парентеральные обычные,5,10,0.5,HIGH
449775,"ПРЕГАБАЛИН-ДАРНИЦА, Дарница ЧАО (Украина, Киев), капс. 150 мг контурн. ячейк. уп., #21",80617,ПРЕГАБАЛИН,Пероральные твердые обычные,5,10,0.5,HIGH
630863,"ИБУПРОФЕН 400, Лекхим ЧАО (Украина, Киев), табл. п/плен. оболочкой 400 мг блистер, #20",3138,ИБУПРОФЕН,Пероральные твердые обычные,5,10,0.5,HIGH
639788,"ДИКЛОСЕЙФ® ФОРТЕ, Кусум Фарм ООО (Украина, Киев), гель эмулс. д/наруж. прим. 2,32 % туба 100 г, #1",3170,ДИКЛОФЕНАК,"Местно действующие, дерматологические, антигеморроидальные, наружные",5,10,0.5,HIGH
643137,"СОЛАРГИН, Macleods Pharmaceuticals Ltd (Индия), р-р д/инф. 42 мг/мл контейнер 100 мл, #1",350,АРГИНИН,Парентеральные обычные,5,10,0.5,HIGH
654620,"ДЕЗЛОРАТАДИН-ТЕВА, Teva (Израиль), табл. п/плен. оболочкой 5 мг блистер, #10",40218,ДЕЗЛОРАТАДИН,Пероральные твердые обычные,5,10,0.5,HIGH
660135,"ЭРИДЕЗ, Дарница ЧАО (Украина, Киев), табл., дисперг. в рот. полости 5 мг блистер, #10",40218,ДЕЗЛОРАТАДИН,Пероральные твердые обычные,5,10,0.5,HIGH
665593,"ИБУПРОМ МАКС РР, Дельта Медикел ООО (Украина, Вишневое), табл. п/плен. оболочкой 400 мг блистер, #12",3138,ИБУПРОФЕН,Пероральные твердые обычные,5,10,0.5,HIGH
725968,"ВАНЛЕРК, Киевский витаминный завод АО (Украина, Киев), табл. п/плен. оболочкой 10 мг блистер, #30",60436,ЛЕРКАНИДИПИН,Пероральные твердые обычные,5,10,0.5,HIGH
773377,"ЗОНИК, Кусум Фарм ООО (Украина, Киев), капс. тверд. 25 мг блистер, #28",80617,ПРЕГАБАЛИН,Пероральные твердые обычные,5,10,0.5,HIGH
773380,"ЗОНИК, Кусум Фарм ООО (Украина, Киев), капс. тверд. 50 мг блистер, #28",80617,ПРЕГАБАЛИН,Пероральные твердые обычные,5,10,0.5,HIGH
825568,"ПРЕГАБАЛИН-ТЕВА, Teva (Израиль), капс. тверд. 75 мг блистер, #28",80617,ПРЕГАБАЛИН,Пероральные твердые обычные,5,10,0.5,HIGH
890802,"ДИКЛАК® ГЕЛЬ, Sandoz (Швейцария), гель 5 % туба 150 г, #1",3170,ДИКЛОФЕНАК,"Местно действующие, дерматологические, антигеморроидальные, наружные",5,10,0.5,HIGH
21184,"ВОЛЬТАРЕН ЭМУЛЬГЕЛЬ, Халеон Украина ООО (Украина, Киев), эмульгель д/наруж. прим. 1 % туба 20 г, #1",3170,ДИКЛОФЕНАК,"Местно действующие, дерматологические, антигеморроидальные, наружные",4,10,0.4,MEDIUM
27414,"ДИКЛОФЕНАК НАТРИЯ, Монфарм ПАО (Украина, Монастырище), супп. ректал. 0,05 г стрип, #10",3170,ДИКЛОФЕНАК,Ректальные системные,4,10,0.4,MEDIUM
33089,"САЛОФАЛЬК, Alpen Pharma AG   (Швейцария), табл. п/о кишечно-раств. 500 мг блистер, #100",3016,МЕСАЛАЗИН,Пероральные твердые обычные,4,10,0.4,MEDIUM
38173,"ДИКЛОФЕНАК НАТРИЯ, Лубныфарм АО (Украина, Лубны), р-р д/ин. 2,5 % амп. 3 мл, блистер в пачке, #10",3170,ДИКЛОФЕНАК,Парентеральные обычные,4,10,0.4,MEDIUM
44761,"ИБУПРОФЕН, Лекхим ЧАО (Украина, Киев), табл. п/о 200 мг блистер, #50",3138,ИБУПРОФЕН,Пероральные твердые обычные,4,10,0.4,MEDIUM
78935,"ЛЕРКАМЕН® 20, Berlin-Chemie  (Германия), табл. п/плен. оболочкой 20 мг блистер, #28",60436,ЛЕРКАНИДИПИН,Пероральные твердые обычные,4,10,0.4,MEDIUM
84844,"ДИКЛОФЕНАК-ЗДОРОВЬЕ ФОРТЕ, Здоровье Группа компаний ООО (Украина, Харьков), гель 30 мг/г туба 50 г, #1",3170,ДИКЛОФЕНАК,"Местно действующие, дерматологические, антигеморроидальные, наружные",4,10,0.4,MEDIUM
108534,"АЦИКЛОВИР-АСТРАФАРМ, Астрафарм ООО (Украина, Вишневое), табл. 200 мг блистер, #20",3297,АЦИКЛОВИР,Пероральные твердые обычные,4,10,0.4,MEDIUM
127241,"ДИКЛАК® ID, Sandoz (Швейцария), табл. с модиф. высвоб. 75 мг блистер, #20",3170,ДИКЛОФЕНАК,Пероральные твердые длительно действующие,4,10,0.4,MEDIUM
127242,"ДИКЛАК® ID, Sandoz (Швейцария), табл. с модиф. высвоб. 75 мг блистер, #100",3170,ДИКЛОФЕНАК,Пероральные твердые длительно действующие,4,10,0.4,MEDIUM
127243,"ДИКЛАК® ID, Sandoz (Швейцария), табл. с модиф. высвоб. 150 мг блистер, #20",3170,ДИКЛОФЕНАК,Пероральные твердые длительно действующие,4,10,0.4,MEDIUM
134052,"ГЛУТАРГИН АЛКОКЛИН, Здоровье Группа компаний ООО (Украина, Харьков), табл. 1 г блистер, #2",350,АРГИНИН,Пероральные твердые обычные,4,10,0.4,MEDIUM
135615,"ЭПАЙДРА®, Sanofi  (Франция), р-р д/ин. 100 ЕД/мл шприц-ручка СолоСтар® 3 мл, #5",73487,ИНСУЛИН ГЛУЛИЗИН,Парентеральные обычные,4,10,0.4,MEDIUM
167643,"ЛОРДЕС®, Nobel  (Турция), табл. п/о 5 мг блистер, #20",40218,ДЕЗЛОРАТАДИН,Пероральные твердые обычные,4,10,0.4,MEDIUM
306973,"АЦИКЛОВИР БЕЛУПО, Belupo (Хорватия), крем д/наруж. прим. 5 % туба 5 г, #1",3297,АЦИКЛОВИР,"Местно действующие, дерматологические, антигеморроидальные, наружные",4,10,0.4,MEDIUM
358764,"АРГЕТТ ДУО, Дельта Медикел ООО (Украина, Вишневое), капс. тверд. с модиф. высвоб. 75 мг блистер, #20",3170,ДИКЛОФЕНАК,Пероральные твердые длительно действующие,4,10,0.4,MEDIUM
440792,"ДИКЛОСЕЙФ®, Кусум Фарм ООО (Украина, Киев), супп. 100 мг стрип, в картонной упаковке, #10",3170,ДИКЛОФЕНАК,Ректальные системные,4,10,0.4,MEDIUM
442263,"ЗОНИК, Кусум Фарм ООО (Украина, Киев), капс. тверд. 150 мг блистер, #28",80617,ПРЕГАБАЛИН,Пероральные твердые обычные,4,10,0.4,MEDIUM
541658,"ЛЕРКАНИДИПИН-ТЕВА, Teva (Израиль), табл. п/плен. оболочкой 10 мг блистер, #28",60436,ЛЕРКАНИДИПИН,Пероральные твердые обычные,4,10,0.4,MEDIUM
586547,"АФФИДА МАКС ЭКСПРЕСС, Дельта Медикел ООО (Украина, Вишневое), капс. мягкие 400 мг блистер, #10",3138,ИБУПРОФЕН,Пероральные твердые обычные,4,10,0.4,MEDIUM
630864,"ИБУПРОФЕН 400, Лекхим ЧАО (Украина, Киев), табл. п/плен. оболочкой 400 мг блистер, #50",3138,ИБУПРОФЕН,Пероральные твердые обычные,4,10,0.4,MEDIUM
636734,"ТЕРМИДОЛ, Киевский витаминный завод АО (Украина, Киев), капс. мягкие 200 мг блистер, #10",3138,ИБУПРОФЕН,Пероральные твердые обычные,4,10,0.4,MEDIUM
743233,"ПРЕГАБАЛИН-ДАРНИЦА, Дарница ЧАО (Украина, Киев), капс. 300 мг контурн. ячейк. уп., #21",80617,ПРЕГАБАЛИН,Пероральные твердые обычные,4,10,0.4,MEDIUM
761708,"БИЛАГИС, Фармак АО (Украина, Киев), табл. 20 мг блистер, #10",298137,БИЛАСТИН,Пероральные твердые обычные,4,10,0.4,MEDIUM
5216,"ГЕПАТРОМБИН, Stada  (Германия), крем 30000 МЕ/100 г туба 40 г, #1",3225,ГЕПАРИН НАТРИЙ,"Местно действующие, дерматологические, антигеморроидальные, наружные",3,10,0.3,MEDIUM
6389,"ГЕПАТРОМБИН, Stada  (Германия), гель 30000 МЕ/100 г туба 40 г, #1",3225,ГЕПАРИН НАТРИЙ,"Местно действующие, дерматологические, антигеморроидальные, наружные",3,10,0.3,MEDIUM
8249,"ОЛФЕН®-50 ЛАКТАБ, Teva (Израиль), табл. кишечно-раств. 50 мг, #20",3170,ДИКЛОФЕНАК,Пероральные твердые обычные,3,10,0.3,MEDIUM
32347,"АЦИКЛОВИР 200 СТАДА®, Stada  (Германия), табл. 200 мг блистер, #25",3297,АЦИКЛОВИР,Пероральные твердые обычные,3,10,0.3,MEDIUM
33583,"КЛАРИТИН®, Bayer Consumer Health  (Швейцария), сироп фл. 60 мл, #1",3030,ЛОРАТАДИН,Пероральные жидкие обычные,3,10,0.3,MEDIUM
33763,"ГЕПАТРОМБИН, Stada  (Германия), крем 50000 МЕ/100 г туба 40 г, #1",3225,ГЕПАРИН НАТРИЙ,"Местно действующие, дерматологические, антигеморроидальные, наружные",3,10,0.3,MEDIUM
61954,"ДРОТАВЕРИНА ГИДРОХЛОРИД, Лубныфарм АО (Украина, Лубны), табл. 40 мг блистер, в пачке, #20",3147,ДРОТАВЕРИН,Пероральные твердые обычные,3,10,0.3,MEDIUM
71426,"ЛОРАТАДИН, Астрафарм ООО (Украина, Вишневое), табл. 10 мг блистер, #10",3030,ЛОРАТАДИН,Пероральные твердые обычные,3,10,0.3,MEDIUM
71427,"ЛОРАТАДИН, Астрафарм ООО (Украина, Вишневое), табл. 10 мг блистер, #100",3030,ЛОРАТАДИН,Пероральные твердые обычные,3,10,0.3,MEDIUM
78985,"САЛОФАЛЬК, Alpen Pharma AG   (Швейцария), гран. гастрорезист. пролонг. 1000 мг пакетик ""Грану-Стикс"", #50",3016,МЕСАЛАЗИН,Пероральные твердые длительно действующие,3,10,0.3,MEDIUM
94307,"L-АРГИНИН, Элит-фарм ООО (Украина, Днепр (Днепропетровск)), капс., #50",350,АРГИНИН,Пероральные твердые обычные,3,10,0.3,MEDIUM
105693,"ЛОРАТАДИН, Житомирская ФФ ООО (Украина, Станишовка), сироп 1 мг/мл фл. 90 мл, #1",3030,ЛОРАТАДИН,Пероральные жидкие обычные,3,10,0.3,MEDIUM
166220,"ИБУФЕН® ЮНИОР, Polpharma (Польша), капс. мягкие 200 мг блистер, #10",3138,ИБУПРОФЕН,Пероральные твердые обычные,3,10,0.3,MEDIUM
292561,"НЕОГАБИН 75, Acino (Швейцария), капс. 75 мг блистер, #30",80617,ПРЕГАБАЛИН,Пероральные твердые обычные,3,10,0.3,MEDIUM
308730,"ТИВОМАКС-ДАРНИЦА, Дарница ЧАО (Украина, Киев), р-р д/инф. 42 мг/мл фл. 100 мл, #1",350,АРГИНИН,Парентеральные обычные,3,10,0.3,MEDIUM
343083,"ХИТАКСА, Adamed Pharma (Польша), табл., дисперг. в рот. полости 5 мг блистер, #10",40218,ДЕЗЛОРАТАДИН,Пероральные твердые обычные,3,10,0.3,MEDIUM
352786,"НО-ШПА® КОМФОРТ, Opella Healthcare International  (Франция), табл. п/плен. оболочкой 40 мг блистер, #24",3147,ДРОТАВЕРИН,Пероральные твердые обычные,3,10,0.3,MEDIUM
359472,"ОГРАНИЯ, Фармак АО (Украина, Киев), капс. 75 мг блистер, #14",80617,ПРЕГАБАЛИН,Пероральные твердые обычные,3,10,0.3,MEDIUM
482531,"ПРЕГАДОЛ, Борщаговский ХФЗ ПАО (Украина, Киев), капс. 75 мг блистер в пачке, #30",80617,ПРЕГАБАЛИН,Пероральные твердые обычные,3,10,0.3,MEDIUM
494908,"АФФИДА МАКС, Дельта Медикел ООО (Украина, Вишневое), табл. п/плен. оболочкой 400 мг блистер, #10",3138,ИБУПРОФЕН,Пероральные твердые обычные,3,10,0.3,MEDIUM
506214,"ЭКЗИК, Житомирская ФФ ООО (Украина, Станишовка), р-р накожный 1 % фл. 20 мл, #1",2963,НАФТИФИН,"Местно действующие, дерматологические, антигеморроидальные, наружные",3,10,0.3,MEDIUM
597256,"ТЕРАЛИВ®, Bayer Consumer Health  (Швейцария), табл. п/плен. оболочкой 220 мг блистер, #12",2969,НАПРОКСЕН,Пероральные твердые обычные,3,10,0.3,MEDIUM
600037,"АЛЛЕРГОЗАН, Sopharma (Болгария), табл. п/плен. оболочкой 5 мг блистер, в картонной упаковке, #10",40218,ДЕЗЛОРАТАДИН,Пероральные твердые обычные,3,10,0.3,MEDIUM
600038,"АЛЛЕРГОЗАН, Sopharma (Болгария), табл. п/плен. оболочкой 5 мг блистер, в картонной упаковке, #30",40218,ДЕЗЛОРАТАДИН,Пероральные твердые обычные,3,10,0.3,MEDIUM
600692,"ЛИПСТЕР, Фармак АО (Украина, Киев), табл. 400 мг блистер, #20",3297,АЦИКЛОВИР,Пероральные твердые обычные,3,10,0.3,MEDIUM
606192,"ДАРФЕН® КИДС ФОРТЕ, Дарница ЧАО (Украина, Киев), сусп. оральн. 200 мг/5 мл фл. 100 мл, со шприцем-дозатором, #1",3138,ИБУПРОФЕН,Пероральные жидкие обычные,3,10,0.3,MEDIUM
725970,"ВАНЛЕРК, Киевский витаминный завод АО (Украина, Киев), табл. п/плен. оболочкой 20 мг блистер, #30",60436,ЛЕРКАНИДИПИН,Пероральные твердые обычные,3,10,0.3,MEDIUM
746868,"ДИКЛОФЕНАК-ТЕВА ФОРТЕ 2%, Teva (Израиль), гель 2 % туба 50 г, #1",3170,ДИКЛОФЕНАК,"Местно действующие, дерматологические, антигеморроидальные, наружные",3,10,0.3,MEDIUM
814025,"ОЛФЕН® ГИДРОГЕЛЬ, Teva (Израиль), гель 1 % туба 100 г",3170,ДИКЛОФЕНАК,"Местно действующие, дерматологические, антигеморроидальные, наружные",3,10,0.3,MEDIUM
891717,"ТРОКСЕРУТИН, Юнифарма ООО (Украина, Киев), гель 2 % туба 40 г, в пачке, #1",2733,ТРОКСЕРУТИН,"Местно действующие, дерматологические, антигеморроидальные, наружные",3,10,0.3,MEDIUM
898110,"БИЛАСТИН-ТЕВА, Teva (Израиль), табл. 20 мг блистер, #10",298137,БИЛАСТИН,Пероральные твердые обычные,3,10,0.3,MEDIUM
921683,"ПРЕГАБАЛИН АСИНО, Acino (Швейцария), капс. 150 мг блистер, #30",80617,ПРЕГАБАЛИН,Пероральные твердые обычные,3,10,0.3,MEDIUM
25511,"АЛМИРАЛ, Medochemie (Кипр), р-р д/ин. 75 мг амп. 3 мл, #10",3170,ДИКЛОФЕНАК,Парентеральные обычные,2,10,0.2,MEDIUM
27403,"ДИКЛОФЕНАК-ЗДОРОВЬЕ, Здоровье Группа компаний ООО (Украина, Харьков), гель 1 % туба 50 г, #1",3170,ДИКЛОФЕНАК,"Местно действующие, дерматологические, антигеморроидальные, наружные",2,10,0.2,MEDIUM
31673,"НО-Х-ША®, Лекхим ЧАО (Украина, Киев), супп. ректал. 0,04 г блистер, #10",3147,ДРОТАВЕРИН,Ректальные системные,2,10,0.2,MEDIUM
56043,"ДИКЛОФЕНАК НАТРИЯ, Здоровье Группа компаний ООО (Украина, Харьков), капс. 25 мг блистер, #30",3170,ДИКЛОФЕНАК,Пероральные твердые обычные,2,10,0.2,MEDIUM
56161,"ДРОТАВЕРИН-ДАРНИЦА, Дарница ЧАО (Украина, Киев), р-р д/ин. 20 мг/мл амп. 2 мл, контурн. ячейк. уп., пачка, #5",3147,ДРОТАВЕРИН,Парентеральные обычные,2,10,0.2,MEDIUM
77795,"ЗОВИРАКС, GlaxoSmithKline (Великобритания), табл. 200 мг блистер, #25",3297,АЦИКЛОВИР,Пероральные твердые обычные,2,10,0.2,MEDIUM
85398,"ДИКЛОФЕНАК, Красная звезда ОАО (Украина, Харьков), гель 10 мг/г туба 40 г, в пачке, #1",3170,ДИКЛОФЕНАК,"Местно действующие, дерматологические, антигеморроидальные, наружные",2,10,0.2,MEDIUM
99893,"АЦИКЛОВИР, Лекхим ЧАО (Украина, Киев), табл. 0,2 г блистер, в пачке, #20",3297,АЦИКЛОВИР,Пероральные твердые обычные,2,10,0.2,MEDIUM
99974,"ИБУПРОМ СПРИНТ КАПС, Дельта Медикел ООО (Украина, Вишневое), капс. мягкие 200 мг блистер, #24",3138,ИБУПРОФЕН,Пероральные твердые обычные,2,10,0.2,MEDIUM
121151,"ЗАНИДИП®, Recordati Group  (Италия), табл. п/плен. оболочкой 10 мг блистер, #28",60436,ЛЕРКАНИДИПИН,Пероральные твердые обычные,2,10,0.2,MEDIUM
123546,"АЦИК®, Sandoz (Швейцария), табл. 200 мг, #25",3297,АЦИКЛОВИР,Пероральные твердые обычные,2,10,0.2,MEDIUM
123547,"АЦИК®, Sandoz (Швейцария), табл. 400 мг, #35",3297,АЦИКЛОВИР,Пероральные твердые обычные,2,10,0.2,MEDIUM
124341,"ДОЛГИТ® ГЕЛЬ, Naturwaren (Германия), гель туба 100 г",3138,ИБУПРОФЕН,"Местно действующие, дерматологические, антигеморроидальные, наружные",2,10,0.2,MEDIUM
126295,"ПЕНТАСА, Ferring International Center  (Швейцария), гран. пролонг. действ. 2 г пакетик, #60",3016,МЕСАЛАЗИН,Пероральные твердые длительно действующие,2,10,0.2,MEDIUM
127244,"ДИКЛАК® ID, Sandoz (Швейцария), табл. с модиф. высвоб. 150 мг блистер, #100",3170,ДИКЛОФЕНАК,Пероральные твердые длительно действующие,2,10,0.2,MEDIUM
134046,"ГЛУТАРГИН АЛКОКЛИН, Здоровье Группа компаний ООО (Украина, Харьков), пор. д/оральн. р-ра 1 г/3 г пакет 3 г, #2",350,АРГИНИН,Пероральные жидкие обычные,2,10,0.2,MEDIUM
134646,"БОФЕН, Борщаговский ХФЗ ПАО (Украина, Киев), сусп. оральн. 100 мг/5 мл банка полимер. 100 мл",3138,ИБУПРОФЕН,Пероральные жидкие обычные,2,10,0.2,MEDIUM
136696,"ОРТОФЕН-ЗДОРОВЬЕ ФОРТЕ, Здоровье Группа компаний ООО (Украина, Харьков), табл. п/о кишечно-раств. 50 мг блистер, #10",3170,ДИКЛОФЕНАК,Пероральные твердые обычные,2,10,0.2,MEDIUM
140706,"ДИКЛАК®, Sandoz (Швейцария), р-р д/ин. 75 мг амп. 3 мл, #5",3170,ДИКЛОФЕНАК,Парентеральные обычные,2,10,0.2,MEDIUM
141088,"ДИФТАЛЬ®, Фармак АО (Украина, Киев), кап. глаз. 0,1 % фл. 10 мл, #1",3170,ДИКЛОФЕНАК,Офтальмологические,2,10,0.2,MEDIUM
165656,"АСАКОЛ®, Biocodex  (Франция), табл. п/о кишечно-раств. 800 мг блистер, коробка картон., #60",3016,МЕСАЛАЗИН,Пероральные твердые обычные,2,10,0.2,MEDIUM
189045,"КЛОДИФЕН, World Medicine  (Великобритания), гель 50 мг/г туба 45 г",3170,ДИКЛОФЕНАК,"Местно действующие, дерматологические, антигеморроидальные, наружные",2,10,0.2,MEDIUM
190530,"САЛОФАЛЬК, Alpen Pharma AG   (Швейцария), гран. гастрорезист. пролонг. 3 г пакетик ""Грану-Стикс"", #50",3016,МЕСАЛАЗИН,Пероральные твердые длительно действующие,2,10,0.2,MEDIUM
196792,"ПЕНТАСА, Ferring International Center  (Швейцария), супп. ректал. 1000 мг, #28",3016,МЕСАЛАЗИН,Ректальные системные,2,10,0.2,MEDIUM
306974,"АЦИКЛОВИР БЕЛУПО, Belupo (Хорватия), крем д/наруж. прим. 5 % туба 10 г, #1",3297,АЦИКЛОВИР,"Местно действующие, дерматологические, антигеморроидальные, наружные",2,10,0.2,MEDIUM
412196,"САЛОФАЛЬК, Alpen Pharma AG   (Швейцария), супп. ректал. 1000 мг стрип, #10",3016,МЕСАЛАЗИН,Ректальные системные,2,10,0.2,MEDIUM
429406,"ЛИНБАГ, Sandoz (Швейцария), капс. тверд. 50 мг блистер в коробке, #30",80617,ПРЕГАБАЛИН,Пероральные твердые обычные,2,10,0.2,MEDIUM
429706,"ДИКЛОФЕНАК-ЗДОРОВЬЕ УЛЬТРА, Здоровье Группа компаний ООО (Украина, Харьков), гель 50 мг/г туба 100 г, #1",3170,ДИКЛОФЕНАК,"Местно действующие, дерматологические, антигеморроидальные, наружные",2,10,0.2,MEDIUM
438526,"АРГЕТТ СПРЕЙ, Дельта Медикел ООО (Украина, Вишневое), спрей накожный, р-р 4 % фл. с дозир. устр. 25 г, с защ. колпачком, #1",3170,ДИКЛОФЕНАК,"Местно действующие, дерматологические, антигеморроидальные, наружные",2,10,0.2,MEDIUM
442799,"ЛИОТРОМБ 1000-ЗДОРОВЬЕ, Здоровье Группа компаний ООО (Украина, Харьков), гель 1000 МЕ/г туба 100 г, #1",3225,ГЕПАРИН НАТРИЙ,"Местно действующие, дерматологические, антигеморроидальные, наружные",2,10,0.2,MEDIUM
446247,"ФРИВЕЙ КОМБИ, Фармак АО (Украина, Киев), р-р д/инг. фл. в пачке 25 мл, #1",106853,ИПРАТРОПИЯ БРОМИД+ФЕНОТЕРОЛ,Для введения в легкие,2,10,0.2,MEDIUM
449774,"ПРЕГАБАЛИН-ДАРНИЦА, Дарница ЧАО (Украина, Киев), капс. 150 мг контурн. ячейк. уп., #14",80617,ПРЕГАБАЛИН,Пероральные твердые обычные,2,10,0.2,MEDIUM
496971,"ВАЛАРГИН, ВАЛАРТИН ФАРМА ООО (Украина, Киев), табл. шип., #10",350,АРГИНИН,Пероральные твердые обычные,2,10,0.2,MEDIUM
500032,"ДИКЛОСЕЙФ® ФОРТЕ, Кусум Фарм ООО (Украина, Киев), гель эмулс. д/наруж. прим. 2,32 % туба 30 г, #1",3170,ДИКЛОФЕНАК,"Местно действующие, дерматологические, антигеморроидальные, наружные",2,10,0.2,MEDIUM
500633,"ДИКЛОСЕЙФ®, Кусум Фарм ООО (Украина, Киев), супп. 50 мг стрип, в картонной упаковке, #10",3170,ДИКЛОФЕНАК,Ректальные системные,2,10,0.2,MEDIUM
539085,"ЭЛКОЦИН, Корпорация Артериум  (Украина, Киев), табл. п/плен. оболочкой 100 мг блистер в пачке, #30",95259,РЕБАМИПИД,Пероральные твердые обычные,2,10,0.2,MEDIUM
541653,"ЛЕРКАНИДИПИН-ТЕВА, Teva (Израиль), табл. п/плен. оболочкой 20 мг блистер, #28",60436,ЛЕРКАНИДИПИН,Пероральные твердые обычные,2,10,0.2,MEDIUM
562095,"НИКСАР® 10 МГ, Berlin-Chemie  (Германия), табл., дисперг. в рот. полости 10 мг блистер, #10",298137,БИЛАСТИН,Пероральные твердые обычные,2,10,0.2,MEDIUM
562096,"НИКСАР® 10 МГ, Berlin-Chemie  (Германия), табл., дисперг. в рот. полости 10 мг блистер, #30",298137,БИЛАСТИН,Пероральные твердые обычные,2,10,0.2,MEDIUM
605459,"АФФИДА ЭКСПРЕСС, Дельта Медикел ООО (Украина, Вишневое), капс. мягкие 200 мг блистер, #10",3138,ИБУПРОФЕН,Пероральные твердые обычные,2,10,0.2,MEDIUM
639786,"ДИКЛОСЕЙФ®, Кусум Фарм ООО (Украина, Киев), гель эмулс. д/наруж. прим. 1,16 % туба 100 г, #1",3170,ДИКЛОФЕНАК,"Местно действующие, дерматологические, антигеморроидальные, наружные",2,10,0.2,MEDIUM
665594,"ИБУПРОМ МАКС РР, Дельта Медикел ООО (Украина, Вишневое), табл. п/плен. оболочкой 400 мг блистер, #24",3138,ИБУПРОФЕН,Пероральные твердые обычные,2,10,0.2,MEDIUM
671175,"ЭКЗО-ТИФИН, Здоровье Группа компаний ООО (Украина, Харьков), р-р накожный 10 мг/г фл. 20 мл, #1",2963,НАФТИФИН,"Местно действующие, дерматологические, антигеморроидальные, наружные",2,10,0.2,MEDIUM
699977,"УНИКЛОФЕН, Unimed Pharma (Словацкая Республика), кап. глаз., р-р 0,1 % контейнер-капельница 10 мл",3170,ДИКЛОФЕНАК,Офтальмологические,2,10,0.2,MEDIUM
702762,"ДИКЛОФЕНАК, Виола ФФ ЧАО (Украина, Запорожье), гель 5 % туба алюм. 100 г, в пачке",3170,ДИКЛОФЕНАК,"Местно действующие, дерматологические, антигеморроидальные, наружные",2,10,0.2,MEDIUM
716756,"ИБУПРОФЕН-ЗДОРОВЬЕ, Здоровье Группа компаний ООО (Украина, Харьков), капс. 400 мг блистер, #20",3138,ИБУПРОФЕН,Пероральные твердые обычные,2,10,0.2,MEDIUM
825572,"ПРЕГАБАЛИН-ТЕВА, Teva (Израиль), капс. тверд. 150 мг блистер, #28",80617,ПРЕГАБАЛИН,Пероральные твердые обычные,2,10,0.2,MEDIUM
834361,"ЛЕРКАНИЯ, Фармак АО (Украина, Киев), табл. п/плен. оболочкой 10 мг блистер, #30",60436,ЛЕРКАНИДИПИН,Пероральные твердые обычные,2,10,0.2,MEDIUM
867660,"ДИКЛОСЕЙФ® ФОРТЕ, Кусум Фарм ООО (Украина, Киев), гель эмулс. д/наруж. прим. 2,32 % туба 50 г, #1",3170,ДИКЛОФЕНАК,"Местно действующие, дерматологические, антигеморроидальные, наружные",2,10,0.2,MEDIUM
876236,"ДАРФЕН®, Дарница ЧАО (Украина, Киев), табл. п/о 400 мг блистер, #7",3138,ИБУПРОФЕН,Пероральные твердые обычные,2,10,0.2,MEDIUM
876237,"ДАРФЕН®, Дарница ЧАО (Украина, Киев), табл. п/о 400 мг блистер, #14",3138,ИБУПРОФЕН,Пероральные твердые обычные,2,10,0.2,MEDIUM
910061,"ДРОТАВЕРИН, Корпорация Артериум  (Украина, Киев), табл. 40 мг блистер, тм Илан Фарм, #30",3147,ДРОТАВЕРИН,Пероральные твердые обычные,2,10,0.2,MEDIUM
919331,"ПРЕГАБАЛИН АСИНО, Acino (Швейцария), капс. 75 мг блистер, #60",80617,ПРЕГАБАЛИН,Пероральные твердые обычные,2,10,0.2,MEDIUM
919334,"ПРЕГАБАЛИН АСИНО, Acino (Швейцария), капс. 150 мг блистер, #60",80617,ПРЕГАБАЛИН,Пероральные твердые обычные,2,10,0.2,MEDIUM
969048,"ИБУПРОФЕН, INPHARMA Trading SIA  (Латвия), капс. мягкие 400 мг блистер, тм Илан Фарм, #20",3138,ИБУПРОФЕН,Пероральные твердые обычные,2,10,0.2,MEDIUM
5080,"ОРТОФЕН-ЗДОРОВЬЕ, Здоровье Группа компаний ООО (Украина, Харьков), табл. п/о кишечно-раств. 25 мг блистер, #30",3170,ДИКЛОФЕНАК,Пероральные твердые обычные,1,10,0.1,LOW
6328,"ВОЛЬТАРЕН®, Novartis Pharma (Швейцария), табл. гастрорезист. 50 мг блистер, #20",3170,ДИКЛОФЕНАК,Пероральные твердые обычные,1,10,0.1,LOW
12399,"САЛОФАЛЬК, Alpen Pharma AG   (Швейцария), сусп. ректал. 4 г клизма 60 мл, #7",3016,МЕСАЛАЗИН,Ректальные системные,1,10,0.1,LOW
13644,"ВОЛЬТАРЕН®, Novartis Pharma (Швейцария), табл. гастрорезист. 25 мг блистер, #30",3170,ДИКЛОФЕНАК,Пероральные твердые обычные,1,10,0.1,LOW
24282,"ТРОКСЕГЕЛЬ®, Корпорация Артериум  (Украина, Киев), гель 2 % туба 40 г, #1",2733,ТРОКСЕРУТИН,"Местно действующие, дерматологические, антигеморроидальные, наружные",1,10,0.1,LOW
31886,"ТРОКСЕРУТИН, Красная звезда ОАО (Украина, Харьков), гель 20 мг/г туба 35 г, в пачке, #1",2733,ТРОКСЕРУТИН,"Местно действующие, дерматологические, антигеморроидальные, наружные",1,10,0.1,LOW
32345,"АЦИКЛОВИР 800 СТАДА®, Stada  (Германия), табл. 800 мг блистер, #35",3297,АЦИКЛОВИР,Пероральные твердые обычные,1,10,0.1,LOW
32929,"САЛОФАЛЬК, Alpen Pharma AG   (Швейцария), супп. ректал. 500 мг стрип, #10",3016,МЕСАЛАЗИН,Ректальные системные,1,10,0.1,LOW
46354,"ВЕНОРУТИНОЛ, Борщаговский ХФЗ ПАО (Украина, Киев), гель 2 % туба 40 г, #1",2733,ТРОКСЕРУТИН,"Местно действующие, дерматологические, антигеморроидальные, наружные",1,10,0.1,LOW
47575,"ГЕВИРАН, Polpharma (Польша), табл. п/плен. оболочкой 400 мг блистер, #30",3297,АЦИКЛОВИР,Пероральные твердые обычные,1,10,0.1,LOW
50922,"ЛОРАТАДИН-СТОМА, Ananta Medicare  (Индия), табл. 10 мг блистер, #10",3030,ЛОРАТАДИН,Пероральные твердые обычные,1,10,0.1,LOW
59335,"ВОЛЬТАРЕН®, Novartis Pharma (Швейцария), супп. 100 мг стрип, #5",3170,ДИКЛОФЕНАК,Ректальные системные,1,10,0.1,LOW
73965,"ДИКЛО-Ф, Sentiss Pharma  (Индия), кап. глаз. 0,1 % фл.-капельн. 5 мл, #1",3170,ДИКЛОФЕНАК,Офтальмологические,1,10,0.1,LOW
78982,"САЛОФАЛЬК, Alpen Pharma AG   (Швейцария), гран. гастрорезист. пролонг. 500 мг пакетик ""Грану-Стикс"", #50",3016,МЕСАЛАЗИН,Пероральные твердые длительно действующие,1,10,0.1,LOW
86054,"ПЕНТАСА, Ferring International Center  (Швейцария), табл. пролонг. дейст. 500 мг, #50",3016,МЕСАЛАЗИН,Пероральные твердые длительно действующие,1,10,0.1,LOW
87308,"ОРТОФЕН, Лекхим ЧАО (Украина, Киев), табл. п/о кишечно-раств. 25 мг блистер, #30",3170,ДИКЛОФЕНАК,Пероральные твердые обычные,1,10,0.1,LOW
98521,"ДИКЛАК® ЛИПОГЕЛЬ, Sandoz (Швейцария), гель 1 % туба 50 г, #1",3170,ДИКЛОФЕНАК,"Местно действующие, дерматологические, антигеморроидальные, наружные",1,10,0.1,LOW
98542,"РАПТЕН 75, Stada  (Германия), р-р д/ин. 75 мг амп. 3 мл, #5",3170,ДИКЛОФЕНАК,Парентеральные обычные,1,10,0.1,LOW
102759,"ЛОРАНО, Sandoz (Швейцария), табл. 10 мг блистер, в карт. коробке, #20",3030,ЛОРАТАДИН,Пероральные твердые обычные,1,10,0.1,LOW
121148,"ЗАНИДИП®, Recordati Group  (Италия), табл. п/плен. оболочкой 20 мг блистер, #98",60436,ЛЕРКАНИДИПИН,Пероральные твердые обычные,1,10,0.1,LOW
121158,"ЗАНИДИП®, Recordati Group  (Италия), табл. п/плен. оболочкой 10 мг блистер, #98",60436,ЛЕРКАНИДИПИН,Пероральные твердые обычные,1,10,0.1,LOW
124340,"ДОЛГИТ® ГЕЛЬ, Naturwaren (Германия), гель туба 50 г",3138,ИБУПРОФЕН,"Местно действующие, дерматологические, антигеморроидальные, наружные",1,10,0.1,LOW
125654,"ГЕПАРИН-НОВОФАРМ, Новофарм-Биосинтез Фирма ООО (Украина, Звягель (Новоград-Волынский)), р-р д/ин. 5000 МЕ/мл фл. 5 мл, #5",3225,ГЕПАРИН НАТРИЙ,Парентеральные обычные,1,10,0.1,LOW
127356,"ДРОТАВЕРИН, Здоровье Группа компаний ООО (Украина, Харьков), табл. 40 мг блистер, в пачке, #20",3147,ДРОТАВЕРИН,Пероральные твердые обычные,1,10,0.1,LOW
142120,"ГЛУТАРГИН, Здоровье Группа компаний ООО (Украина, Харьков), р-р д/ин. 200 мг/мл амп. 5 мл, в блистере в коробке, #10",350,АРГИНИН,Парентеральные обычные,1,10,0.1,LOW
145653,"НАПРОФФ, Rotapharm  (Великобритания), табл. п/плен. оболочкой 550 мг блистер, #10",2969,НАПРОКСЕН,Пероральные твердые обычные,1,10,0.1,LOW
155042,"ЛИОТРОМБ 1000-ЗДОРОВЬЕ, Здоровье Группа компаний ООО (Украина, Харьков), гель 1000 МЕ/г туба 50 г, #1",3225,ГЕПАРИН НАТРИЙ,"Местно действующие, дерматологические, антигеморроидальные, наружные",1,10,0.1,LOW
190529,"САЛОФАЛЬК, Alpen Pharma AG   (Швейцария), гран. гастрорезист. пролонг. 1,5 г пакетик ""Грану-Стикс"", #35",3016,МЕСАЛАЗИН,Пероральные твердые длительно действующие,1,10,0.1,LOW
201899,"ГЕПАРИН-ИНДАР, Индар ЧАО (Украина, Киев), р-р д/ин. 25000 МЕ фл. 5 мл, в пачке, #5",3225,ГЕПАРИН НАТРИЙ,Парентеральные обычные,1,10,0.1,LOW
224460,"ГЛУТАРГИН, Здоровье Группа компаний ООО (Украина, Харьков), р-р д/ин. 40 мг/мл амп. 5 мл, в блистере в коробке, #10",350,АРГИНИН,Парентеральные обычные,1,10,0.1,LOW
229233,"ФЛЕБОТОН, Sopharma (Болгария), капс. тверд. 300 мг, #50",2733,ТРОКСЕРУТИН,Пероральные твердые обычные,1,10,0.1,LOW
229565,"L-АРГИНИН 1000 МГ, Solgar Vitamin and Herb  (США), табл. 1000 мг, #90",350,АРГИНИН,Пероральные твердые обычные,1,10,0.1,LOW
233883,"ФЛЕБОТОН, Sopharma (Болгария), гель 2 % туба 40 г, #1",2733,ТРОКСЕРУТИН,"Местно действующие, дерматологические, антигеморроидальные, наружные",1,10,0.1,LOW
292558,"НЕОГАБИН 150, Acino (Швейцария), капс. 150 мг блистер, #30",80617,ПРЕГАБАЛИН,Пероральные твердые обычные,1,10,0.1,LOW
294556,"L-АРГИНИН 500 МГ, Solgar Vitamin and Herb  (США), капс. 500 мг фл., #50",350,АРГИНИН,Пероральные твердые обычные,1,10,0.1,LOW
295211,"ИБУФЕН® ДЛЯ ДЕТЕЙ КЛУБНИКА, Polpharma (Польша), сусп. оральн. 100 мг/5 мл фл. пластик. со шприцом-дозат. 100 мл, #1",3138,ИБУПРОФЕН,Пероральные жидкие обычные,1,10,0.1,LOW
297649,"ГЕПАРИН-ФАРМЕКС, Здоровье Группа компаний ООО (Украина, Харьков), р-р д/ин. 5000 МЕ/мл фл. 5 мл, #5",3225,ГЕПАРИН НАТРИЙ,Парентеральные обычные,1,10,0.1,LOW
306909,"НЕОГАБИН 75, Acino (Швейцария), капс. 75 мг блистер, #10",80617,ПРЕГАБАЛИН,Пероральные твердые обычные,1,10,0.1,LOW
306972,"АЦИКЛОВИР БЕЛУПО, Belupo (Хорватия), крем д/наруж. прим. 5 % туба 2 г, #1",3297,АЦИКЛОВИР,"Местно действующие, дерматологические, антигеморроидальные, наружные",1,10,0.1,LOW
307538,"ЕВРОФАСТ, Euro Lifecare  (Великобритания), капс. мягкие желат. 400 мг блистер в коробке, #10",3138,ИБУПРОФЕН,Пероральные твердые обычные,1,10,0.1,LOW
325618,"НЕОФЕН БЕЛУПО ПЛЮС, Belupo (Хорватия), гель 50 мг/г туба 50 г, #1",3138,ИБУПРОФЕН,"Местно действующие, дерматологические, антигеморроидальные, наружные",1,10,0.1,LOW
336535,"КЛОДИФЕН, World Medicine  (Великобритания), кап. глаз., р-р 1 мг/мл фл.-капельн. 5 мл, #1",3170,ДИКЛОФЕНАК,Офтальмологические,1,10,0.1,LOW
362338,"ГАЛАРА, World Medicine  (Великобритания), капс. тверд. 75 мг блистер, #14",80617,ПРЕГАБАЛИН,Пероральные твердые обычные,1,10,0.1,LOW
404970,"АНГИО-БЕТАРГИН, Ворвартс Фарма ООО (Украина, Киев), р-р д/инф. 42 мг/мл бутылка 100 мл, #1",350,АРГИНИН,Парентеральные обычные,1,10,0.1,LOW
407990,"ДИКЛОДЕВ®, Abryl Formulations  (Индия), р-р д/ин. 25 мг/мл амп. 3 мл, #5",3170,ДИКЛОФЕНАК,Парентеральные обычные,1,10,0.1,LOW
410751,"НАФТИДЕРИЛ, Лекхим ЧАО (Украина, Киев), р-р накожный 1 % фл. 10 мл, #1",2963,НАФТИФИН,"Местно действующие, дерматологические, антигеморроидальные, наружные",1,10,0.1,LOW
429412,"ЛИНБАГ, Sandoz (Швейцария), капс. тверд. 150 мг блистер в коробке, #30",80617,ПРЕГАБАЛИН,Пероральные твердые обычные,1,10,0.1,LOW
449768,"ПРЕГАБАЛИН-ДАРНИЦА, Дарница ЧАО (Украина, Киев), капс. 75 мг контурн. ячейк. уп., #14",80617,ПРЕГАБАЛИН,Пероральные твердые обычные,1,10,0.1,LOW
482526,"ПРЕГАДОЛ, Борщаговский ХФЗ ПАО (Украина, Киев), капс. 150 мг блистер в пачке, #30",80617,ПРЕГАБАЛИН,Пероральные твердые обычные,1,10,0.1,LOW
500036,"ДИКЛОСЕЙФ®, Кусум Фарм ООО (Украина, Киев), гель эмулс. д/наруж. прим. 1,16 % туба 30 г, #1",3170,ДИКЛОФЕНАК,"Местно действующие, дерматологические, антигеморроидальные, наружные",1,10,0.1,LOW
501672,"АРГИТЕК, Дарница ЧАО (Украина, Киев), р-р д/инф. 8 мг/мл фл. 250 мл, #1",350,АРГИНИН,Парентеральные обычные,1,10,0.1,LOW
543373,"ЭКЗИСТА, Adamed Pharma (Польша), капс. тверд. 75 мг блистер, #28",80617,ПРЕГАБАЛИН,Пероральные твердые обычные,1,10,0.1,LOW
543376,"ЭКЗИСТА, Adamed Pharma (Польша), капс. тверд. 150 мг блистер, #28",80617,ПРЕГАБАЛИН,Пероральные твердые обычные,1,10,0.1,LOW
606190,"ДАРФЕН® КИДС, Дарница ЧАО (Украина, Киев), сусп. оральн. 100 мг/5 мл фл. 100 мл, со шприцем-дозатором, #1",3138,ИБУПРОФЕН,Пероральные жидкие обычные,1,10,0.1,LOW
643702,"СОЛАКУТАН, Мибе Украина ООО (Украина, Киев), гель 30 мг/г туба 25 г, #1",3170,ДИКЛОФЕНАК,"Местно действующие, дерматологические, антигеморроидальные, наружные",1,10,0.1,LOW
670382,"ЭКЗО-ТИФИН, Здоровье Группа компаний ООО (Украина, Харьков), крем 10 мг/г туба 15 г, #1",2963,НАФТИФИН,"Местно действующие, дерматологические, антигеморроидальные, наружные",1,10,0.1,LOW
684450,"ПРЕГАЛИКА, Mistral Capital Management  (Великобритания), капс. тверд. 75 мг блистер, #20",80617,ПРЕГАБАЛИН,Пероральные твердые обычные,1,10,0.1,LOW
686104,"ЭЗАНТАЛ, Микрохим ООО НПФ (Украина, Киев), табл. п/плен. оболочкой 20 мг блистер, #30",60436,ЛЕРКАНИДИПИН,Пероральные твердые обычные,1,10,0.1,LOW
712065,"ТИВАРГИН-H, Фармасел  (Украина, Макеевка), р-р д/инф. 42 мг/мл фл. 100 мл, в пачке, #1",350,АРГИНИН,Парентеральные обычные,1,10,0.1,LOW
761602,"ДЕЗЛОРАТАДИН-ТЕВА, Teva (Израиль), р-р оральный 0,5 мг/мл фл. 60 мл, с мерным шприцем, #1",40218,ДЕЗЛОРАТАДИН,Пероральные жидкие обычные,1,10,0.1,LOW
763066,"ЛИПСТЕР® МИНТ, Фармак АО (Украина, Киев), крем 5 % туба 5 г, #1",3297,АЦИКЛОВИР,"Местно действующие, дерматологические, антигеморроидальные, наружные",1,10,0.1,LOW
825643,"ДИКЛОФЕНАК, Виола ФФ ЧАО (Украина, Запорожье), гель 5 % туба ламинатная 50 г, в пачке",3170,ДИКЛОФЕНАК,"Местно действующие, дерматологические, антигеморроидальные, наружные",1,10,0.1,LOW
865513,"ФРИВЕЙ® КОМБИ НЕБУЛА, Фармак АО (Украина, Киев), р-р д/инг. небулы 4 мл, #20",106853,ИПРАТРОПИЯ БРОМИД+ФЕНОТЕРОЛ,Для введения в легкие,1,10,0.1,LOW
883339,"АМИНАРГИН, Новофарм-Биосинтез Фирма ООО (Украина, Звягель (Новоград-Волынский)), р-р д/инф. 42 мг/мл бутылка 100 мл",350,АРГИНИН,Парентеральные обычные,1,10,0.1,LOW
884852,"ДИКЛОФЕНАК, Лубныфарм АО (Украина, Лубны), гель 50 мг/г туба 40 г, в пачке, #1",3170,ДИКЛОФЕНАК,"Местно действующие, дерматологические, антигеморроидальные, наружные",1,10,0.1,LOW
892273,"ДОЛГИТ® ГЕЛЬ, Naturwaren (Германия), гель туба 150 г",3138,ИБУПРОФЕН,"Местно действующие, дерматологические, антигеморроидальные, наружные",1,10,0.1,LOW
899143,"ДОЛОКСЕН СТРОНГ, Euro Lifecare  (Великобритания), гель 50 мг/г туба 100 г, #1",3170,ДИКЛОФЕНАК,"Местно действующие, дерматологические, антигеморроидальные, наружные",1,10,0.1,LOW
921684,"ПРЕГАБАЛИН АСИНО, Acino (Швейцария), капс. 75 мг блистер, #30",80617,ПРЕГАБАЛИН,Пероральные твердые обычные,1,10,0.1,LOW
930464,"ТЕРМИДОЛ, Киевский витаминный завод АО (Украина, Киев), капс. мягкие 400 мг блистер, #36",3138,ИБУПРОФЕН,Пероральные твердые обычные,1,10,0.1,LOW
945739,"ЭРИДЕЗ, Дарница ЧАО (Украина, Киев), сироп 0,5 мг/мл фл. с мерн. стаканчиком 100 мл, #1",40218,ДЕЗЛОРАТАДИН,Пероральные жидкие обычные,1,10,0.1,LOW
951287,"ТИВОРТИН ФОРТЕ, Юрия-Фарм ООО (Украина, Киев), р-р д/инф. 84 мг/мл бутылка стекл. 100 мл, #1",350,АРГИНИН,Парентеральные обычные,1,10,0.1,LOW
969047,"ИБУПРОФЕН, INPHARMA Trading SIA  (Латвия), капс. мягкие 400 мг блистер, тм Илан Фарм, #10",3138,ИБУПРОФЕН,Пероральные твердые обычные,1,10,0.1,LOW
